CROP TYPE,SOIL TYPE,REGION,TEMPERATURE,WEATHER CONDITION,WATER REQUIREMENT
1,101,201,20,301,8.75
1,101,201,32,303,10.25
1,101,201,21,304,9.65
1,101,201,21,302,0.75
1,101,201,20-30,301,9.85
1,101,201,20-30,303,11.35
1,101,201,20-30,304,10.75
1,101,201,20-30,302,0.85
1,101,201,30-40,301,10.75
1,101,201,30-40,303,12.25
1,101,201,30-40,304,11.65
1,101,201,30-40,302,2.75
1,101,201,40-50,301,11.75
1,101,201,40-50,303,13.25
1,101,201,40-50,304,12.65
1,101,201,40-50,302,3.75
1,101,203,21,301,7.98
1,101,203,21,303,9.4
1,101,203,21,304,8.8
1,101,203,21,302,0.25
1,101,203,20-30,301,8.98
1,101,203,20-30,303,10.4
1,101,203,20-30,304,9.7
1,101,203,20-30,302,0.98
1,101,203,30-40,301,9.98
1,101,203,30-40,303,11.4
1,101,203,30-40,304,10.8
1,101,203,30-40,302,1.98
1,101,203,40-50,301,10.9
1,101,203,40-50,303,12.4
1,101,203,40-50,304,11.8
1,101,203,40-50,302,2.7
1,101,204,21,301,6.95
1,101,204,21,303,8.45
1,101,204,21,304,7.8
1,101,204,21,302,0.1
1,101,204,20-30,301,7.95
1,101,204,20-30,303,9.45
1,101,204,20-30,304,8.8
1,101,204,20-30,302,0.5
1,101,204,30-40,301,8.95
1,101,204,30-40,303,10.45
1,101,204,30-40,304,9.9
1,101,204,30-40,302,0.95
1,101,204,40-50,301,9.9
1,101,204,40-50,303,11.4
1,101,204,40-50,304,10.9
1,101,204,40-50,302,1.9
1,101,103,21,301,5.65
1,101,103,21,303,7.15
1,101,103,21,304,6.6
1,101,103,21,302,0.1
1,101,103,20-30,301,6.6
1,101,103,20-30,303,8.1
1,101,103,20-30,304,7.6
1,101,103,20-30,302,0.3
1,101,103,30-40,301,7.68
1,101,103,30-40,303,8.18
1,101,103,30-40,304,8.6
1,101,103,30-40,302,0.8
1,101,103,40-50,301,8.65
1,101,103,40-50,303,10.15
1,101,103,40-50,304,9.65
1,101,103,40-50,302,0.65
1,103,201,21,301,6.7
1,103,201,21,303,8.2
1,103,201,21,304,7.7
1,103,201,21,302,0.6
1,103,201,20-30,301,7.7
1,103,201,20-30,303,9.2
1,103,201,20-30,304,8.7
1,103,201,20-30,302,0.8
1,103,201,30-40,301,8.7
1,103,201,30-40,303,10.2
1,103,201,30-40,304,9.6
1,103,201,30-40,302,0.7
1,103,201,40-50,301,9.5
1,103,201,40-50,303,11
1,103,201,40-50,304,10.5
1,103,201,40-50,302,1.5
1,103,203,21,301,5.92
1,103,203,21,303,7.42
1,103,203,21,304,6.9
1,103,203,21,302,0.1
1,103,203,20-30,301,6.92
1,103,203,20-30,303,8.42
1,103,203,20-30,304,7.9
1,103,203,20-30,302,0.5
1,103,203,30-40,301,7.92
1,103,203,30-40,303,9.42
1,103,203,30-40,304,8.9
1,103,203,30-40,302,0.8
1,103,203,40-50,301,8.92
1,103,203,40-50,303,10.42
1,103,203,40-50,304,9.9
1,103,203,40-50,302,0.92
1,103,204,21,301,4.89
1,103,204,21,303,6.39
1,103,204,21,304,5.8
1,103,204,21,302,0.1
1,103,204,20-30,301,5.6
1,103,204,20-30,303,7.1
1,103,204,20-30,304,6.6
1,103,204,20-30,302,0.2
1,103,204,30-40,301,6.5
1,103,204,30-40,303,8.1
1,103,204,30-40,304,7.5
1,103,204,30-40,302,0.5
1,103,204,40-50,301,7.5
1,103,204,40-50,303,9
1,103,204,40-50,304,8.5
1,103,204,40-50,302,0.8
1,103,103,21,301,3.65
1,103,103,21,303,5.15
1,103,103,21,304,4.65
1,103,103,21,302,0.1
1,103,103,20-30,301,4.65
1,103,103,20-30,303,6.15
1,103,103,20-30,304,5.65
1,103,103,20-30,302,0.2
1,103,103,30-40,301,5
1,103,103,30-40,303,6.5
1,103,103,30-40,304,6
1,103,103,30-40,302,0.3
1,103,103,40-50,301,5.15
1,103,103,40-50,303,6.65
1,103,103,40-50,304,6.2
1,103,103,40-50,302,0.2
1,102,201,21,301,5.15
1,102,201,21,303,6.65
1,102,201,21,304,6.15
1,102,201,21,302,0.2
1,102,201,20-30,301,6.15
1,102,201,20-30,303,7.65
1,102,201,20-30,304,7.15
1,102,201,20-30,302,0.3
1,102,201,30-40,301,7.15
1,102,201,30-40,303,8.65
1,102,201,30-40,304,8.1
1,102,201,30-40,302,0.8
1,102,201,40-50,301,8.15
1,102,201,40-50,303,9.65
1,102,201,40-50,304,9.15
1,102,201,40-50,302,0.15
1,102,203,21,301,4.37
1,102,203,21,303,5.87
1,102,203,21,304,5.3
1,102,203,21,302,0.1
1,102,203,20-30,301,5.3
1,102,203,20-30,303,6.8
1,102,203,20-30,304,6.3
1,102,203,20-30,302,0.2
1,102,203,30-40,301,6.3
1,102,203,30-40,303,7.8
1,102,203,30-40,304,7.3
1,102,203,30-40,302,0.3
1,102,203,40-50,301,7.2
1,102,203,40-50,303,8.7
1,102,203,40-50,304,8.2
1,102,203,40-50,302,0.8
1,102,204,21,301,3.35
1,102,204,21,303,4.85
1,102,204,21,304,4.4
1,102,204,21,302,0.1
1,102,204,20-30,301,4.4
1,102,204,20-30,303,5.9
1,102,204,20-30,304,5.4
1,102,204,20-30,302,0.1
1,102,204,30-40,301,5.54
1,102,204,30-40,303,7.04
1,102,204,30-40,304,6.5
1,102,204,30-40,302,0.2
1,102,204,40-50,301,6.52
1,102,204,40-50,303,8.02
1,102,204,40-50,304,7.5
1,102,204,40-50,302,0.3
1,102,103,21,301,2.06
1,102,103,21,303,3.56
1,102,103,21,304,3
1,102,103,21,302,0.1
1,102,103,20-30,301,3
1,102,103,20-30,303,4.5
1,102,103,20-30,304,4
1,102,103,20-30,302,0.1
1,102,103,30-40,301,4.1
1,102,103,30-40,303,5.6
1,102,103,30-40,304,5.1
1,102,103,30-40,302,0.1
1,102,103,40-50,301,5.15
1,102,103,40-50,303,6.65
1,102,103,40-50,304,6.15
1,102,103,40-50,302,0.2
7,101,201,21,301,6.97
7,101,201,21,303,8.47
7,101,201,21,304,7.8
7,101,201,21,302,0.2
7,101,201,20-30,301,7.9
7,101,201,20-30,303,9.4
7,101,201,20-30,304,8.9
7,101,201,20-30,302,0.8
7,101,201,30-40,301,8.8
7,101,201,30-40,303,10.3
7,101,201,30-40,304,9.8
7,101,201,30-40,302,0.8
7,101,201,40-50,301,9.95
7,101,201,40-50,303,11.45
7,101,201,40-50,304,10.95
7,101,201,40-50,302,1.95
7,101,203,21,301,7.98
7,101,203,21,303,9.48
7,101,203,21,304,8.9
7,101,203,21,302,0.8
7,101,203,20-30,301,8.6
7,101,203,20-30,303,10.1
7,101,203,20-30,304,9.6
7,101,203,20-30,302,0.6
7,101,203,30-40,301,9.8
7,101,203,30-40,303,11.3
7,101,203,30-40,304,10.8
7,101,203,30-40,302,1.8
7,101,203,40-50,301,10.95
7,101,203,40-50,303,12.45
7,101,203,40-50,304,11.8
7,101,203,40-50,302,2.8
7,101,204,21,301,5.53
7,101,204,21,303,7.03
7,101,204,21,304,6.5
7,101,204,21,302,0.1
7,101,204,20-30,301,6.5
7,101,204,20-30,303,8
7,101,204,20-30,304,7.5
7,101,204,20-30,302,0.5
7,101,204,30-40,301,7.6
7,101,204,30-40,303,9
7,101,204,30-40,304,8.6
7,101,204,30-40,302,0.8
7,101,204,40-50,301,8.55
7,101,204,40-50,303,10.05
7,101,204,40-50,304,9.5
7,101,204,40-50,302,0.55
7,101,103,21,301,4.51
7,101,103,21,303,6.01
7,101,103,21,304,5.51
7,101,103,21,302,0.1
7,101,103,20-30,301,5.5
7,101,103,20-30,303,7
7,101,103,20-30,304,6.5
7,101,103,20-30,302,0.2
7,101,103,30-40,301,6.5
7,101,103,30-40,303,8
7,101,103,30-40,304,7.5
7,101,103,30-40,302,0.2
7,101,103,40-50,301,7.8
7,101,103,40-50,303,9.3
7,101,103,40-50,304,8.8
7,101,103,40-50,302,0.8
7,103,201,21,301,5.33
7,103,201,21,303,6.83
7,103,201,21,304,6.33
7,103,201,21,302,0.5
7,103,201,20-30,301,6.2
7,103,201,20-30,303,7.7
7,103,201,20-30,304,7.2
7,103,201,20-30,302,0.8
7,103,201,30-40,301,7.4
7,103,201,30-40,303,8.9
7,103,201,30-40,304,8.4
7,103,201,30-40,302,0.8
7,103,201,40-50,301,8.34
7,103,201,40-50,303,9.85
7,103,201,40-50,304,7.35
7,103,201,40-50,302,0.34
7,103,203,21,301,4.71
7,103,203,21,303,6.21
7,103,203,21,304,5.71
7,103,203,21,302,0.1
7,103,203,20-30,301,5.8
7,103,203,20-30,303,7.3
7,103,203,20-30,304,6.8
7,103,203,20-30,302,0.2
7,103,203,30-40,301,6.6
7,103,203,30-40,303,8.1
7,103,203,30-40,304,7.6
7,103,203,30-40,302,0.5
7,103,203,40-50,301,7.9
7,103,203,40-50,303,9.4
7,103,203,40-50,304,8.9
7,103,203,40-50,302,0.6
7,103,204,21,301,3.9
7,103,204,21,303,5.4
7,103,204,21,304,4.9
7,103,204,21,302,0.1
7,103,204,20-30,301,4.9
7,103,204,20-30,303,6.4
7,103,204,20-30,304,5.9
7,103,204,20-30,302,0.1
7,103,204,30-40,301,5.8
7,103,204,30-40,303,7.3
7,103,204,30-40,304,6.8
7,103,204,30-40,302,0.3
7,103,204,40-50,301,6.7
7,103,204,40-50,303,8.2
7,103,204,40-50,304,7.7
7,103,204,40-50,302,0.4
7,103,103,21,301,2.8
7,103,103,21,303,4.3
7,103,103,21,304,3.8
7,103,103,21,302,0.1
7,103,103,20-30,301,3.7
7,103,103,20-30,303,5.2
7,103,103,20-30,304,4.7
7,103,103,20-30,302,0.1
7,103,103,30-40,301,4.9
7,103,103,30-40,303,6.4
7,103,103,30-40,304,5.9
7,103,103,30-40,302,0.5
7,103,103,40-50,301,5.8
7,103,103,40-50,303,7.3
7,103,103,40-50,304,6.8
7,103,103,40-50,302,0.3
7,102,201,21,301,4.1
7,102,201,21,303,5.6
7,102,201,21,304,5.1
7,102,201,21,302,0.1
7,102,201,20-30,301,5.1
7,102,201,20-30,303,6.6
7,102,201,20-30,304,6.1
7,102,201,20-30,302,0.4
7,102,201,30-40,301,6.2
7,102,201,30-40,303,7.7
7,102,201,30-40,304,7.2
7,102,201,30-40,302,0.5
7,102,201,40-50,301,7.3
7,102,201,40-50,303,8.8
7,102,201,40-50,304,8.3
7,102,201,40-50,302,0.8
7,102,203,21,301,3.5
7,102,203,21,303,5
7,102,203,21,304,4.5
7,102,203,21,302,0.1
7,102,203,20-30,301,4.6
7,102,203,20-30,303,6.1
7,102,203,20-30,304,5.6
7,102,203,20-30,302,0.2
7,102,203,30-40,301,5.7
7,102,203,30-40,303,7.2
7,102,203,30-40,304,6.7
7,102,203,30-40,302,0.3
7,102,203,40-50,301,6.6
7,102,203,40-50,303,8.1
7,102,203,40-50,304,7.6
7,102,203,40-50,302,0.5
7,102,204,21,301,2.6
7,102,204,21,303,4.1
7,102,204,21,304,3.6
7,102,204,21,302,0.1
7,102,204,20-30,301,3.6
7,102,204,20-30,303,5.1
7,102,204,20-30,304,4.6
7,102,204,20-30,302,0.1
7,102,204,30-40,301,4.7
7,102,204,30-40,303,6.2
7,102,204,30-40,304,5.7
7,102,204,30-40,302,0.1
7,102,204,40-50,301,5.6
7,102,204,40-50,303,7.1
7,102,204,40-50,304,6.6
7,102,204,40-50,302,0.3
7,102,103,21,301,1.64
7,102,103,21,303,3.14
7,102,103,21,304,2.6
7,102,103,21,302,0.1
7,102,103,20-30,301,2.6
7,102,103,20-30,303,4.1
7,102,103,20-30,304,3.6
7,102,103,20-30,302,0.1
7,102,103,30-40,301,3.7
7,102,103,30-40,303,5.2
7,102,103,30-40,304,4.6
7,102,103,30-40,302,0.1
7,102,103,40-50,301,4.6
7,102,103,40-50,303,6.1
7,102,103,40-50,304,5.6
7,102,103,40-50,302,0.1
2,101,201,21,301,5.5
2,101,201,21,303,7
2,101,201,21,304,6.5
2,101,201,21,302,0.2
2,101,201,20-30,301,6.5
2,101,201,20-30,303,8
2,101,201,20-30,304,7.5
2,101,201,20-30,302,0.5
2,101,201,30-40,301,7
2,101,201,30-40,303,8.5
2,101,201,30-40,304,8
2,101,201,30-40,302,0.8
2,101,201,40-50,301,8.6
2,101,201,40-50,303,10.1
2,101,201,40-50,304,9.6
2,101,201,40-50,302,0.6
2,101,203,21,301,5.05
2,101,203,21,303,6.55
2,101,203,21,304,6.05
2,101,203,21,302,0.5
2,101,203,20-30,301,6
2,101,203,20-30,303,7.5
2,101,203,20-30,304,7
2,101,203,20-30,302,0.5
2,101,203,30-40,301,7.1
2,101,203,30-40,303,8.6
2,101,203,30-40,304,8.1
2,101,203,30-40,302,0.8
2,101,203,40-50,301,8
2,101,203,40-50,303,9.5
2,101,203,40-50,304,9
2,101,203,40-50,302,0.8
2,101,204,21,301,4.4
2,101,204,21,303,5.9
2,101,204,21,304,5.5
2,101,204,21,302,0.2
2,101,204,20-30,301,5.3
2,101,204,20-30,303,6.8
2,101,204,20-30,304,6.3
2,101,204,20-30,302,0.3
2,101,204,30-40,301,6.2
2,101,204,30-40,303,7.7
2,101,204,30-40,304,7.2
2,101,204,30-40,302,0.5
2,101,204,40-50,301,7.5
2,101,204,40-50,303,9
2,101,204,40-50,304,8.5
2,101,204,40-50,302,0.8
2,101,103,21,301,3.6
2,101,103,21,303,5.1
2,101,103,21,304,4.6
2,101,103,21,302,0.1
2,101,103,20-30,301,4.5
2,101,103,20-30,303,6
2,101,103,20-30,304,5.5
2,101,103,20-30,302,0.2
2,101,103,30-40,301,5.6
2,101,103,30-40,303,7.1
2,101,103,30-40,304,6.6
2,101,103,30-40,302,0.2
2,101,103,40-50,301,6.6
2,101,103,40-50,303,8.1
2,101,103,40-50,304,7.6
2,101,103,40-50,302,0.5
2,103,201,21,301,4.2
2,103,201,21,303,5.7
2,103,201,21,304,5.2
2,103,201,21,302,0.2
2,103,201,20-30,301,5.3
2,103,201,20-30,303,6.8
2,103,201,20-30,304,6.3
2,103,201,20-30,302,0.3
2,103,201,30-40,301,6.2
2,103,201,30-40,303,7.7
2,103,201,30-40,304,7.2
2,103,201,30-40,302,0.5
2,103,201,40-50,301,7.4
2,103,201,40-50,303,8.9
2,103,201,40-50,304,8.4
2,103,201,40-50,302,0.8
2,103,203,21,301,3.7
2,103,203,21,303,5.2
2,103,203,21,304,4.7
2,103,203,21,302,0.1
2,103,203,20-30,301,4.6
2,103,203,20-30,303,6.1
2,103,203,20-30,304,5.6
2,103,203,20-30,302,0.2
2,103,203,30-40,301,5.5
2,103,203,30-40,303,7
2,103,203,30-40,304,6.5
2,103,203,30-40,302,0.3
2,103,203,40-50,301,6.6
2,103,203,40-50,303,8.1
2,103,203,40-50,304,7.6
2,103,203,40-50,302,0.5
2,103,204,21,301,3.1
2,103,204,21,303,4.6
2,103,204,21,304,4.1
2,103,204,21,302,0.1
2,103,204,20-30,301,4.2
2,103,204,20-30,303,5.7
2,103,204,20-30,304,5.2
2,103,204,20-30,302,0.2
2,103,204,30-40,301,5.1
2,103,204,30-40,303,6.6
2,103,204,30-40,304,6.1
2,103,204,30-40,302,0.3
2,103,204,40-50,301,6
2,103,204,40-50,303,7.5
2,103,204,40-50,304,7
2,103,204,40-50,302,0.5
2,103,103,21,301,2.3
2,103,103,21,303,3.8
2,103,103,21,304,3.3
2,103,103,21,302,0.1
2,103,103,20-30,301,3.33
2,103,103,20-30,303,4.8
2,103,103,20-30,304,4.3
2,103,103,20-30,302,0.1
2,103,103,30-40,301,4.33
2,103,103,30-40,303,5.8
2,103,103,30-40,304,5.3
2,103,103,30-40,302,0.2
2,103,103,40-50,301,5.33
2,103,103,40-50,303,6.8
2,103,103,40-50,304,6.3
2,103,103,40-50,302,0.3
2,102,201,21,301,3.33
2,102,201,21,303,4.8
2,102,201,21,304,4.3
2,102,201,21,302,0.1
2,102,201,20-30,301,4.33
2,102,201,20-30,303,5.8
2,102,201,20-30,304,5.3
2,102,201,20-30,302,0.2
2,102,201,30-40,301,5.33
2,102,201,30-40,303,6.8
2,102,201,30-40,304,6.3
2,102,201,30-40,302,0.3
2,102,201,40-50,301,6.33
2,102,201,40-50,303,7.8
2,102,201,40-50,304,7.3
2,102,201,40-50,302,0.5
2,102,203,21,301,2.83
2,102,203,21,303,4.33
2,102,203,21,304,3.83
2,102,203,21,302,0.1
2,102,203,20-30,301,3.83
2,102,203,20-30,303,5.33
2,102,203,20-30,304,4.83
2,102,203,20-30,302,0.1
2,102,203,30-40,301,4.83
2,102,203,30-40,303,6.33
2,102,203,30-40,304,5.83
2,102,203,30-40,302,0.2
2,102,203,40-50,301,5.83
2,102,203,40-50,303,7.33
2,102,203,40-50,304,6.83
2,102,203,40-50,302,0.3
2,102,204,21,301,2.16
2,102,204,21,303,3.66
2,102,204,21,304,3.16
2,102,204,21,302,0.1
2,102,204,20-30,301,3.16
2,102,204,20-30,303,4.66
2,102,204,20-30,304,4.16
2,102,204,20-30,302,0.1
2,102,204,30-40,301,4.16
2,102,204,30-40,303,5.66
2,102,204,30-40,304,5.16
2,102,204,30-40,302,0.2
2,102,204,40-50,301,5.16
2,102,204,40-50,303,6.66
2,102,204,40-50,304,6.16
2,102,204,40-50,302,0.3
2,102,103,21,301,1.33
2,102,103,21,303,2.83
2,102,103,21,304,2.33
2,102,103,21,302,0.1
2,102,103,20-30,301,2.33
2,102,103,20-30,303,3.83
2,102,103,20-30,304,3.33
2,102,103,20-30,302,0.1
2,102,103,30-40,301,3.33
2,102,103,30-40,303,4.83
2,102,103,30-40,304,4.33
2,102,103,30-40,302,0.1
2,102,103,40-50,301,4.33
2,102,103,40-50,303,5.83
2,102,103,40-50,304,5.33
2,102,103,40-50,302,0.2
3,101,201,21,301,8.5
3,101,201,21,303,10
3,101,201,21,304,9.5
3,101,201,21,302,0.5
3,101,201,20-30,301,9.5
3,101,201,20-30,303,11
3,101,201,20-30,304,10.5
3,101,201,20-30,302,1.5
3,101,201,30-40,301,10.7
3,101,201,30-40,303,12.2
3,101,201,30-40,304,11.7
3,101,201,30-40,302,2.7
3,101,201,40-50,301,11.6
3,101,201,40-50,303,13.1
3,101,201,40-50,304,12.6
3,101,201,40-50,302,3.6
3,101,203,21,301,7.8
3,101,203,21,303,9.3
3,101,203,21,304,8.8
3,101,203,21,302,0.8
3,101,203,20-30,301,8.8
3,101,203,20-30,303,10.3
3,101,203,20-30,304,9.8
3,101,203,20-30,302,0.8
3,101,203,30-40,301,9.8
3,101,203,30-40,303,11.3
3,101,203,30-40,304,10.8
3,101,203,30-40,302,1.8
3,101,203,40-50,301,10.9
3,101,203,40-50,303,12.4
3,101,203,40-50,304,11.8
3,101,203,40-50,302,2.9
3,101,204,21,301,6.75
3,101,204,21,303,8.25
3,101,204,21,304,7.75
3,101,204,21,302,0.25
3,101,204,20-30,301,7.75
3,101,204,20-30,303,9.25
3,101,204,20-30,304,8.75
3,101,204,20-30,302,0.8
3,101,204,30-40,301,8.8
3,101,204,30-40,303,10.3
3,101,204,30-40,304,9.8
3,101,204,30-40,302,0.8
3,101,204,40-50,301,9.75
3,101,204,40-50,303,11.25
3,101,204,40-50,304,10.75
3,101,204,40-50,302,1.75
3,101,103,21,301,5.45
3,101,103,21,303,6.95
3,101,103,21,304,6.45
3,101,103,21,302,0.3
3,101,103,20-30,301,6.5
3,101,103,20-30,303,8
3,101,103,20-30,304,7.5
3,101,103,20-30,302,0.5
3,101,103,30-40,301,7.6
3,101,103,30-40,303,9.1
3,101,103,30-40,304,8.6
3,101,103,30-40,302,0.8
3,101,103,40-50,301,8.5
3,101,103,40-50,303,10
3,101,103,40-50,304,9.5
3,101,103,40-50,302,0.5
3,103,201,21,301,6.7
3,103,201,21,303,8.2
3,103,201,21,304,7.7
3,103,201,21,302,0.5
3,103,201,20-30,301,7.7
3,103,201,20-30,303,9.2
3,103,201,20-30,304,8.7
3,103,201,20-30,302,0.8
3,103,201,30-40,301,8.7
3,103,201,30-40,303,10.2
3,103,201,30-40,304,9.7
3,103,201,30-40,302,0.7
3,103,201,40-50,301,9.5
3,103,201,40-50,303,11
3,103,201,40-50,304,10.5
3,103,201,40-50,302,1.5
3,103,203,21,301,5.62
3,103,203,21,303,7.12
3,103,203,21,304,6.62
3,103,203,21,302,0.3
3,103,203,20-30,301,6.62
3,103,203,20-30,303,8.12
3,103,203,20-30,304,7.62
3,103,203,20-30,302,0.5
3,103,203,30-40,301,7.7
3,103,203,30-40,303,9.2
3,103,203,30-40,304,8.7
3,103,203,30-40,302,0.8
3,103,203,40-50,301,8.6
3,103,203,40-50,303,10.1
3,103,203,40-50,304,9.6
3,103,203,40-50,302,2.1
3,103,204,21,301,4.6
3,103,204,21,303,6.1
3,103,204,21,304,5.6
3,103,204,21,302,0.2
3,103,204,20-30,301,5.5
3,103,204,20-30,303,7
3,103,204,20-30,304,6.5
3,103,204,20-30,302,0.3
3,103,204,30-40,301,6.5
3,103,204,30-40,303,8
3,103,204,30-40,304,7.5
3,103,204,30-40,302,0.5
3,103,204,40-50,301,7.5
3,103,204,40-50,303,9
3,103,204,40-50,304,8.5
3,103,204,40-50,302,0.8
3,103,103,21,301,3.65
3,103,103,21,303,5.15
3,103,103,21,304,4.65
3,103,103,21,302,0.1
3,103,103,20-30,301,4.65
3,103,103,20-30,303,6.15
3,103,103,20-30,304,5.65
3,103,103,20-30,302,0.2
3,103,103,30-40,301,5
3,103,103,30-40,303,6.5
3,103,103,30-40,304,6
3,103,103,30-40,302,0.3
3,103,103,40-50,301,5.15
3,103,103,40-50,303,6.95
3,103,103,40-50,304,6.15
3,103,103,40-50,302,0.3
3,102,201,21,301,5.15
3,102,201,21,303,6.95
3,102,201,21,304,6.15
3,102,201,21,302,0.3
3,102,201,20-30,301,6.15
3,102,201,20-30,303,7.65
3,102,201,20-30,304,7.15
3,102,201,20-30,302,0.5
3,102,201,30-40,301,7.15
3,102,201,30-40,303,8.65
3,102,201,30-40,304,8.15
3,102,201,30-40,302,0.8
3,102,201,40-50,301,8.15
3,102,201,40-50,303,9.65
3,102,201,40-50,304,9.15
3,102,201,40-50,302,0.15
3,102,203,21,301,4.37
3,102,203,21,303,5.87
3,102,203,21,304,5.37
3,102,203,21,302,0.2
3,102,203,20-30,301,5.3
3,102,203,20-30,303,6.8
3,102,203,20-30,304,6.3
3,102,203,20-30,302,0.3
3,102,203,30-40,301,6.3
3,102,203,30-40,303,7.8
3,102,203,30-40,304,7.3
3,102,203,30-40,302,0.5
3,102,203,40-50,301,7.2
3,102,203,40-50,303,8.7
3,102,203,40-50,304,8.2
3,102,203,40-50,302,0.8
3,102,204,21,301,3.35
3,102,204,21,303,4.85
3,102,204,21,304,4.35
3,102,204,21,302,0.1
3,102,204,20-30,301,4.4
3,102,204,20-30,303,5.9
3,102,204,20-30,304,5.4
3,102,204,20-30,302,0.2
3,102,204,30-40,301,5.54
3,102,204,30-40,303,7.04
3,102,204,30-40,304,6.54
3,102,204,30-40,302,0.3
3,102,204,40-50,301,6.52
3,102,204,40-50,303,8.02
3,102,204,40-50,304,7.52
3,102,204,40-50,302,0.5
3,102,103,21,301,2.06
3,102,103,21,303,3.56
3,102,103,21,304,3.06
3,102,103,21,302,0.1
3,102,103,20-30,301,3
3,102,103,20-30,303,4.5
3,102,103,20-30,304,4
3,102,103,20-30,302,0.1
3,102,103,30-40,301,4.1
3,102,103,30-40,303,5.6
3,102,103,30-40,304,5.1
3,102,103,30-40,302,0.2
3,102,103,40-50,301,5.15
3,102,103,40-50,303,6.65
3,102,103,40-50,304,6.15
3,102,103,40-50,302,0.3
13,101,201,21,301,17
13,101,201,21,303,18.5
13,101,201,21,304,18
13,101,201,21,302,9
13,101,201,20-30,301,18
13,101,201,20-30,303,19.5
13,101,201,20-30,304,19
13,101,201,20-30,302,10
13,101,201,30-40,301,19
13,101,201,30-40,303,20.5
13,101,201,30-40,304,20
13,101,201,30-40,302,11
13,101,201,40-50,301,20
13,101,201,40-50,303,21.5
13,101,201,40-50,304,21
13,101,201,40-50,302,12
13,101,203,21,301,15.5
13,101,203,21,303,17
13,101,203,21,304,16.5
13,101,203,21,302,7.5
13,101,203,20-30,301,16.5
13,101,203,20-30,303,18
13,101,203,20-30,304,17.5
13,101,203,20-30,302,8.5
13,101,203,30-40,301,17.5
13,101,203,30-40,303,19
13,101,203,30-40,304,18.5
13,101,203,30-40,302,9.5
13,101,203,40-50,301,18.5
13,101,203,40-50,303,20
13,101,203,40-50,304,19.5
13,101,203,40-50,302,10.5
13,101,204,21,301,13.5
13,101,204,21,303,15
13,101,204,21,304,14.5
13,101,204,21,302,5.5
13,101,204,20-30,301,14.5
13,101,204,20-30,303,16
13,101,204,20-30,304,15.5
13,101,204,20-30,302,6.5
13,101,204,30-40,301,15.5
13,101,204,30-40,303,17
13,101,204,30-40,304,16.5
13,101,204,30-40,302,7.5
13,101,204,40-50,301,16.5
13,101,204,40-50,303,18
13,101,204,40-50,304,17.5
13,101,204,40-50,302,8.5
13,101,103,21,301,11
13,101,103,21,303,12.5
13,101,103,21,304,12
13,101,103,21,302,3
13,101,103,20-30,301,12
13,101,103,20-30,303,13.5
13,101,103,20-30,304,13
13,101,103,20-30,302,4
13,101,103,30-40,301,13
13,101,103,30-40,303,14.5
13,101,103,30-40,304,14
13,101,103,30-40,302,5
13,101,103,40-50,301,14
13,101,103,40-50,303,15.5
13,101,103,40-50,304,15
13,101,103,40-50,302,6
13,103,201,21,301,13
13,103,201,21,303,14.5
13,103,201,21,304,14
13,103,201,21,302,5
13,103,201,20-30,301,14
13,103,201,20-30,303,15.5
13,103,201,20-30,304,15
13,103,201,20-30,302,6
13,103,201,30-40,301,15
13,103,201,30-40,303,16.5
13,103,201,30-40,304,16
13,103,201,30-40,302,7
13,103,201,40-50,301,16
13,103,201,40-50,303,17.5
13,103,201,40-50,304,17
13,103,201,40-50,302,8
13,103,203,21,301,11.5
13,103,203,21,303,13
13,103,203,21,304,12.5
13,103,203,21,302,3.5
13,103,203,20-30,301,12.5
13,103,203,20-30,303,14
13,103,203,20-30,304,13.5
13,103,203,20-30,302,4.5
13,103,203,30-40,301,13.5
13,103,203,30-40,303,15
13,103,203,30-40,304,14.5
13,103,203,30-40,302,5.5
13,103,203,40-50,301,14.5
13,103,203,40-50,303,16
13,103,203,40-50,304,15.5
13,103,203,40-50,302,6.5
13,103,204,21,301,9.5
13,103,204,21,303,11
13,103,204,21,304,10.5
13,103,204,21,302,1.5
13,103,204,20-30,301,10.5
13,103,204,20-30,303,12
13,103,204,20-30,304,11.5
13,103,204,20-30,302,2.5
13,103,204,30-40,301,11.5
13,103,204,30-40,303,13
13,103,204,30-40,304,12.5
13,103,204,30-40,302,3.5
13,103,204,40-50,301,12.5
13,103,204,40-50,303,14
13,103,204,40-50,304,13.5
13,103,204,40-50,302,4.5
13,103,103,21,301,7
13,103,103,21,303,8.5
13,103,103,21,304,8
13,103,103,21,302,0.8
13,103,103,20-30,301,8
13,103,103,20-30,303,9.5
13,103,103,20-30,304,9
13,103,103,20-30,302,0.8
13,103,103,30-40,301,9
13,103,103,30-40,303,10.5
13,103,103,30-40,304,10
13,103,103,30-40,302,1
13,103,103,40-50,301,10
13,103,103,40-50,303,11.5
13,103,103,40-50,304,11
13,103,103,40-50,302,2
13,102,201,21,301,10
13,102,201,21,303,11.5
13,102,201,21,304,11
13,102,201,21,302,2
13,102,201,20-30,301,11
13,102,201,20-30,303,12.5
13,102,201,20-30,304,12
13,102,201,20-30,302,3
13,102,201,30-40,301,12
13,102,201,30-40,303,13.5
13,102,201,30-40,304,13
13,102,201,30-40,302,4
13,102,201,40-50,301,13
13,102,201,40-50,303,14.5
13,102,201,40-50,304,14
13,102,201,40-50,302,5
13,102,203,21,301,8.5
13,102,203,21,303,10
13,102,203,21,304,9.5
13,102,203,21,302,0.5
13,102,203,20-30,301,9.5
13,102,203,20-30,303,11
13,102,203,20-30,304,10.5
13,102,203,20-30,302,1.5
13,102,203,30-40,301,10.5
13,102,203,30-40,303,12
13,102,203,30-40,304,11.5
13,102,203,30-40,302,2.5
13,102,203,40-50,301,11.5
13,102,203,40-50,303,13
13,102,203,40-50,304,12.5
13,102,203,40-50,302,3.5
13,102,204,21,301,6.5
13,102,204,21,303,8
13,102,204,21,304,7.5
13,102,204,21,302,0.5
13,102,204,20-30,301,7.5
13,102,204,20-30,303,9
13,102,204,20-30,304,8.5
13,102,204,20-30,302,0.8
13,102,204,30-40,301,8.5
13,102,204,30-40,303,10
13,102,204,30-40,304,9.5
13,102,204,30-40,302,0.5
13,102,204,40-50,301,9.5
13,102,204,40-50,303,11
13,102,204,40-50,304,10.5
13,102,204,40-50,302,1.5
13,102,103,21,301,4
13,102,103,21,303,5.5
13,102,103,21,304,5
13,102,103,21,302,0.2
13,102,103,20-30,301,5
13,102,103,20-30,303,6.5
13,102,103,20-30,304,6
13,102,103,20-30,302,0.3
13,102,103,30-40,301,6
13,102,103,30-40,303,7.5
13,102,103,30-40,304,7
13,102,103,30-40,302,0.5
13,102,103,40-50,301,7
13,102,103,40-50,303,8.5
13,102,103,40-50,304,8
13,102,103,40-50,302,0.8
11,101,201,21,301,6.12
11,101,201,21,303,7.62
11,101,201,21,304,7.12
11,101,201,21,302,0.5
11,101,201,20-30,301,7.12
11,101,201,20-30,303,8.62
11,101,201,20-30,304,8.12
11,101,201,20-30,302,0.8
11,101,201,30-40,301,8.12
11,101,201,30-40,303,9.62
11,101,201,30-40,304,9.12
11,101,201,30-40,302,0.12
11,101,201,40-50,301,9.12
11,101,201,40-50,303,10.62
11,101,201,40-50,304,10.12
11,101,201,40-50,302,1.12
11,101,203,21,301,5.58
11,101,203,21,303,7.08
11,101,203,21,304,6.58
11,101,203,21,302,0.3
11,101,203,20-30,301,6.58
11,101,203,20-30,303,8.08
11,101,203,20-30,304,7.58
11,101,203,20-30,302,0.5
11,101,203,30-40,301,7.58
11,101,203,30-40,303,9.08
11,101,203,30-40,304,8.58
11,101,203,30-40,302,0.8
11,101,203,40-50,301,8.58
11,101,203,40-50,303,10.08
11,101,203,40-50,304,9.58
11,101,203,40-50,302,0.58
11,101,204,21,301,4.86
11,101,204,21,303,6.36
11,101,204,21,304,5.86
11,101,204,21,302,0.2
11,101,204,20-30,301,5.86
11,101,204,20-30,303,7.36
11,101,204,20-30,304,6.86
11,101,204,20-30,302,0.3
11,101,204,30-40,301,6.86
11,101,204,30-40,303,8.36
11,101,204,30-40,304,7.86
11,101,204,30-40,302,0.5
11,101,204,40-50,301,7.86
11,101,204,40-50,303,9.36
11,101,204,40-50,304,8.86
11,101,204,40-50,302,0.8
11,101,103,21,301,3.96
11,101,103,21,303,5.46
11,101,103,21,304,4.96
11,101,103,21,302,0.1
11,101,103,20-30,301,4.96
11,101,103,20-30,303,6.46
11,101,103,20-30,304,5.96
11,101,103,20-30,302,0.2
11,101,103,30-40,301,5.96
11,101,103,30-40,303,7.46
11,101,103,30-40,304,6.96
11,101,103,30-40,302,0.3
11,101,103,40-50,301,6.96
11,101,103,40-50,303,8.46
11,101,103,40-50,304,7.96
11,101,103,40-50,302,0.5
11,103,201,21,301,4.68
11,103,201,21,303,6.18
11,103,201,21,304,5.68
11,103,201,21,302,0.2
11,103,201,20-30,301,5.68
11,103,201,20-30,303,7.18
11,103,201,20-30,304,6.68
11,103,201,20-30,302,0.3
11,103,201,30-40,301,6.68
11,103,201,30-40,303,8.18
11,103,201,30-40,304,7.68
11,103,201,30-40,302,0.5
11,103,201,40-50,301,7.68
11,103,201,40-50,303,9.18
11,103,201,40-50,304,8.68
11,103,201,40-50,302,0.8
11,103,203,21,301,4.14
11,103,203,21,303,5.64
11,103,203,21,304,5.14
11,103,203,21,302,0.2
11,103,203,20-30,301,5.14
11,103,203,20-30,303,6.64
11,103,203,20-30,304,6.14
11,103,203,20-30,302,0.3
11,103,203,30-40,301,6.14
11,103,203,30-40,303,7.64
11,103,203,30-40,304,7.14
11,103,203,30-40,302,0.5
11,103,203,40-50,301,7.14
11,103,203,40-50,303,8.64
11,103,203,40-50,304,8.14
11,103,203,40-50,302,0.8
11,103,204,21,301,3.42
11,103,204,21,303,4.92
11,103,204,21,304,4.42
11,103,204,21,302,0.1
11,103,204,20-30,301,4.42
11,103,204,20-30,303,5.92
11,103,204,20-30,304,5.42
11,103,204,20-30,302,0.2
11,103,204,30-40,301,5.42
11,103,204,30-40,303,6.92
11,103,204,30-40,304,6.42
11,103,204,30-40,302,0.3
11,103,204,40-50,301,6.42
11,103,204,40-50,303,7.92
11,103,204,40-50,304,7.42
11,103,204,40-50,302,0.5
11,103,103,21,301,2.52
11,103,103,21,303,4.02
11,103,103,21,304,3.52
11,103,103,21,302,0.1
11,103,103,20-30,301,3.52
11,103,103,20-30,303,5.02
11,103,103,20-30,304,4.52
11,103,103,20-30,302,0.1
11,103,103,30-40,301,4.52
11,103,103,30-40,303,6.02
11,103,103,30-40,304,5.52
11,103,103,30-40,302,0.2
11,103,103,40-50,301,5.52
11,103,103,40-50,303,7.02
11,103,103,40-50,304,6.52
11,103,103,40-50,302,0.3
11,102,201,21,301,3.6
11,102,201,21,303,5.1
11,102,201,21,304,4.6
11,102,201,21,302,0.1
11,102,201,20-30,301,4.6
11,102,201,20-30,303,6.1
11,102,201,20-30,304,5.6
11,102,201,20-30,302,0.2
11,102,201,30-40,301,5.6
11,102,201,30-40,303,7.1
11,102,201,30-40,304,6.6
11,102,201,30-40,302,0.3
11,102,201,40-50,301,6.6
11,102,201,40-50,303,8.1
11,102,201,40-50,304,7.6
11,102,201,40-50,302,0.5
11,102,203,21,301,3.06
11,102,203,21,303,4.56
11,102,203,21,304,4.06
11,102,203,21,302,0.1
11,102,203,20-30,301,4.06
11,102,203,20-30,303,5.56
11,102,203,20-30,304,5.06
11,102,203,20-30,302,0.2
11,102,203,30-40,301,5.06
11,102,203,30-40,303,6.56
11,102,203,30-40,304,606
11,102,203,30-40,302,0.3
11,102,203,40-50,301,6.06
11,102,203,40-50,303,7.56
11,102,203,40-50,304,7.06
11,102,203,40-50,302,0.5
11,102,204,21,301,2.34
11,102,204,21,303,3.84
11,102,204,21,304,3.34
11,102,204,21,302,0.1
11,102,204,20-30,301,3.34
11,102,204,20-30,303,4.84
11,102,204,20-30,304,4.34
11,102,204,20-30,302,0.1
11,102,204,30-40,301,4.34
11,102,204,30-40,303,5.84
11,102,204,30-40,304,5.34
11,102,204,30-40,302,0.2
11,102,204,40-50,301,5.34
11,102,204,40-50,303,6.84
11,102,204,40-50,304,6.34
11,102,204,40-50,302,0.3
11,102,103,21,301,1.44
11,102,103,21,303,3
11,102,103,21,304,2.5
11,102,103,21,302,0.1
11,102,103,20-30,301,2.44
11,102,103,20-30,303,4
11,102,103,20-30,304,3.5
11,102,103,20-30,302,0.1
11,102,103,30-40,301,3.44
11,102,103,30-40,303,5
11,102,103,30-40,304,4.5
11,102,103,30-40,302,0.1
11,102,103,40-50,301,4.44
11,102,103,40-50,303,6
11,102,103,40-50,304,5.5
11,102,103,40-50,302,0.2
12,101,201,21,301,6.12
12,101,201,21,303,7.62
12,101,201,21,304,7.12
12,101,201,21,302,0.5
12,101,201,20-30,301,7.12
12,101,201,20-30,303,8.62
12,101,201,20-30,304,8.12
12,101,201,20-30,302,0.8
12,101,201,30-40,301,8.12
12,101,201,30-40,303,9.62
12,101,201,30-40,304,9.12
12,101,201,30-40,302,0.12
12,101,201,40-50,301,9.12
12,101,201,40-50,303,10.62
12,101,201,40-50,304,10.12
12,101,201,40-50,302,1.12
12,101,203,21,301,5.58
12,101,203,21,303,7.08
12,101,203,21,304,6.58
12,101,203,21,302,0.3
12,101,203,20-30,301,6.58
12,101,203,20-30,303,8.08
12,101,203,20-30,304,7.58
12,101,203,20-30,302,0.5
12,101,203,30-40,301,7.58
12,101,203,30-40,303,9.08
12,101,203,30-40,304,8.58
12,101,203,30-40,302,0.8
12,101,203,40-50,301,8.58
12,101,203,40-50,303,10.08
12,101,203,40-50,304,9.58
12,101,203,40-50,302,0.58
12,101,204,21,301,4.86
12,101,204,21,303,6.36
12,101,204,21,304,5.86
12,101,204,21,302,0.2
12,101,204,20-30,301,5.86
12,101,204,20-30,303,7.36
12,101,204,20-30,304,6.86
12,101,204,20-30,302,0.3
12,101,204,30-40,301,6.86
12,101,204,30-40,303,8.36
12,101,204,30-40,304,7.86
12,101,204,30-40,302,0.5
12,101,204,40-50,301,7.86
12,101,204,40-50,303,9.36
12,101,204,40-50,304,8.86
12,101,204,40-50,302,0.8
12,101,103,21,301,3.96
12,101,103,21,303,5.46
12,101,103,21,304,4.96
12,101,103,21,302,0.1
12,101,103,20-30,301,4.96
12,101,103,20-30,303,6.46
12,101,103,20-30,304,5.96
12,101,103,20-30,302,0.2
12,101,103,30-40,301,5.96
12,101,103,30-40,303,7.46
12,101,103,30-40,304,6.96
12,101,103,30-40,302,0.3
12,101,103,40-50,301,6.96
12,101,103,40-50,303,8.46
12,101,103,40-50,304,7.96
12,101,103,40-50,302,0.5
12,103,201,21,301,4.68
12,103,201,21,303,6.18
12,103,201,21,304,5.68
12,103,201,21,302,0.2
12,103,201,20-30,301,5.68
12,103,201,20-30,303,7.18
12,103,201,20-30,304,6.68
12,103,201,20-30,302,0.3
12,103,201,30-40,301,6.68
12,103,201,30-40,303,8.18
12,103,201,30-40,304,7.68
12,103,201,30-40,302,0.5
12,103,201,40-50,301,7.68
12,103,201,40-50,303,9.18
12,103,201,40-50,304,8.68
12,103,201,40-50,302,0.8
12,103,203,21,301,4.14
12,103,203,21,303,5.64
12,103,203,21,304,5.14
12,103,203,21,302,0.2
12,103,203,20-30,301,5.14
12,103,203,20-30,303,6.64
12,103,203,20-30,304,6.14
12,103,203,20-30,302,0.3
12,103,203,30-40,301,6.14
12,103,203,30-40,303,7.64
12,103,203,30-40,304,7.14
12,103,203,30-40,302,0.5
12,103,203,40-50,301,7.14
12,103,203,40-50,303,8.64
12,103,203,40-50,304,8.14
12,103,203,40-50,302,0.8
12,103,204,21,301,3.42
12,103,204,21,303,4.92
12,103,204,21,304,4.42
12,103,204,21,302,0.1
12,103,204,20-30,301,4.42
12,103,204,20-30,303,5.92
12,103,204,20-30,304,5.42
12,103,204,20-30,302,0.2
12,103,204,30-40,301,5.42
12,103,204,30-40,303,6.92
12,103,204,30-40,304,6.42
12,103,204,30-40,302,0.3
12,103,204,40-50,301,6.42
12,103,204,40-50,303,7.92
12,103,204,40-50,304,7.42
12,103,204,40-50,302,0.5
12,103,103,21,301,2.52
12,103,103,21,303,4.02
12,103,103,21,304,3.52
12,103,103,21,302,0.1
12,103,103,20-30,301,3.52
12,103,103,20-30,303,5.02
12,103,103,20-30,304,4.52
12,103,103,20-30,302,0.1
12,103,103,30-40,301,4.52
12,103,103,30-40,303,6.02
12,103,103,30-40,304,5.52
12,103,103,30-40,302,0.2
12,103,103,40-50,301,5.52
12,103,103,40-50,303,7.02
12,103,103,40-50,304,6.52
12,103,103,40-50,302,0.3
12,102,201,21,301,3.6
12,102,201,21,303,5.1
12,102,201,21,304,4.6
12,102,201,21,302,0.1
12,102,201,20-30,301,4.6
12,102,201,20-30,303,6.1
12,102,201,20-30,304,5.6
12,102,201,20-30,302,0.2
12,102,201,30-40,301,5.6
12,102,201,30-40,303,7.1
12,102,201,30-40,304,6.6
12,102,201,30-40,302,0.3
12,102,201,40-50,301,6.6
12,102,201,40-50,303,8.1
12,102,201,40-50,304,7.6
12,102,201,40-50,302,0.5
12,102,203,21,301,3.06
12,102,203,21,303,4.56
12,102,203,21,304,4.06
12,102,203,21,302,0.1
12,102,203,20-30,301,4.06
12,102,203,20-30,303,5.56
12,102,203,20-30,304,5.06
12,102,203,20-30,302,0.2
12,102,203,30-40,301,5.06
12,102,203,30-40,303,6.56
12,102,203,30-40,304,606
12,102,203,30-40,302,0.3
12,102,203,40-50,301,6.06
12,102,203,40-50,303,7.56
12,102,203,40-50,304,7.06
12,102,203,40-50,302,0.5
12,102,204,21,301,2.34
12,102,204,21,303,3.84
12,102,204,21,304,3.34
12,102,204,21,302,0.1
12,102,204,20-30,301,3.34
12,102,204,20-30,303,4.84
12,102,204,20-30,304,4.34
12,102,204,20-30,302,0.1
12,102,204,30-40,301,4.34
12,102,204,30-40,303,5.84
12,102,204,30-40,304,5.34
12,102,204,30-40,302,0.2
12,102,204,40-50,301,5.34
12,102,204,40-50,303,6.84
12,102,204,40-50,304,6.34
12,102,204,40-50,302,0.3
12,102,103,21,301,1.44
12,102,103,21,303,3
12,102,103,21,304,2.5
12,102,103,21,302,0.1
12,102,103,20-30,301,2.44
12,102,103,20-30,303,4
12,102,103,20-30,304,3.5
12,102,103,20-30,302,0.1
12,102,103,30-40,301,3.44
12,102,103,30-40,303,5
12,102,103,30-40,304,4.5
12,102,103,30-40,302,0.1
12,102,103,40-50,301,4.44
12,102,103,40-50,303,6
12,102,103,40-50,304,5.5
12,102,103,40-50,302,0.2
15,101,201,21,301,5.66
15,101,201,21,303,7
15,101,201,21,304,6.5
15,101,201,21,302,0.2
15,101,201,20-30,301,6.5
15,101,201,20-30,303,8
15,101,201,20-30,304,7.5
15,101,201,20-30,302,0.5
15,101,201,30-40,301,7
15,101,201,30-40,303,8.5
15,101,201,30-40,304,8
15,101,201,30-40,302,0.8
15,101,201,40-50,301,8.6
15,101,201,40-50,303,10.1
15,101,201,40-50,304,9.6
15,101,201,40-50,302,0.6
15,101,203,21,301,5.05
15,101,203,21,303,6.55
15,101,203,21,304,6.05
15,101,203,21,302,0.5
15,101,203,20-30,301,6
15,101,203,20-30,303,7.5
15,101,203,20-30,304,7
15,101,203,20-30,302,0.5
15,101,203,30-40,301,7.1
15,101,203,30-40,303,8.6
15,101,203,30-40,304,8.1
15,101,203,30-40,302,0.8
15,101,203,40-50,301,8
15,101,203,40-50,303,9.5
15,101,203,40-50,304,9
15,101,203,40-50,302,0.8
15,101,204,21,301,4.4
15,101,204,21,303,5.9
15,101,204,21,304,5.5
15,101,204,21,302,0.2
15,101,204,20-30,301,5.3
15,101,204,20-30,303,6.8
15,101,204,20-30,304,6.3
15,101,204,20-30,302,0.3
15,101,204,30-40,301,6.2
15,101,204,30-40,303,7.7
15,101,204,30-40,304,7.2
15,101,204,30-40,302,0.5
15,101,204,40-50,301,7.5
15,101,204,40-50,303,9
15,101,204,40-50,304,8.5
15,101,204,40-50,302,0.8
15,101,103,21,301,3.6
15,101,103,21,303,5.1
15,101,103,21,304,4.6
15,101,103,21,302,0.1
15,101,103,20-30,301,4.5
15,101,103,20-30,303,6
15,101,103,20-30,304,5.5
15,101,103,20-30,302,0.2
15,101,103,30-40,301,5.6
15,101,103,30-40,303,7.1
15,101,103,30-40,304,6.6
15,101,103,30-40,302,0.2
15,101,103,40-50,301,6.6
15,101,103,40-50,303,8.1
15,101,103,40-50,304,7.6
15,101,103,40-50,302,0.5
15,103,201,21,301,4.2
15,103,201,21,303,5.7
15,103,201,21,304,5.2
15,103,201,21,302,0.2
15,103,201,20-30,301,5.3
15,103,201,20-30,303,6.8
15,103,201,20-30,304,6.3
15,103,201,20-30,302,0.3
15,103,201,30-40,301,6.2
15,103,201,30-40,303,7.7
15,103,201,30-40,304,7.2
15,103,201,30-40,302,0.5
15,103,201,40-50,301,7.4
15,103,201,40-50,303,8.9
15,103,201,40-50,304,8.4
15,103,201,40-50,302,0.8
15,103,203,21,301,3.7
15,103,203,21,303,5.2
15,103,203,21,304,4.7
15,103,203,21,302,0.1
15,103,203,20-30,301,4.6
15,103,203,20-30,303,6.1
15,103,203,20-30,304,5.6
15,103,203,20-30,302,0.2
15,103,203,30-40,301,5.5
15,103,203,30-40,303,7
15,103,203,30-40,304,6.5
15,103,203,30-40,302,0.3
15,103,203,40-50,301,6.6
15,103,203,40-50,303,8.1
15,103,203,40-50,304,7.6
15,103,203,40-50,302,0.5
15,103,204,21,301,3.1
15,103,204,21,303,4.6
15,103,204,21,304,4.1
15,103,204,21,302,0.1
15,103,204,20-30,301,4.2
15,103,204,20-30,303,5.7
15,103,204,20-30,304,5.2
15,103,204,20-30,302,0.2
15,103,204,30-40,301,5.1
15,103,204,30-40,303,6.6
15,103,204,30-40,304,6.1
15,103,204,30-40,302,0.3
15,103,204,40-50,301,6
15,103,204,40-50,303,7.5
15,103,204,40-50,304,7
15,103,204,40-50,302,0.5
15,103,103,21,301,2.3
15,103,103,21,303,3.8
15,103,103,21,304,3.3
15,103,103,21,302,0.1
15,103,103,20-30,301,3.33
15,103,103,20-30,303,4.8
15,103,103,20-30,304,4.3
15,103,103,20-30,302,0.1
15,103,103,30-40,301,4.33
15,103,103,30-40,303,5.8
15,103,103,30-40,304,5.3
15,103,103,30-40,302,0.2
15,103,103,40-50,301,5.33
15,103,103,40-50,303,6.8
15,103,103,40-50,304,6.3
15,103,103,40-50,302,0.3
15,102,201,21,301,3.33
15,102,201,21,303,4.8
15,102,201,21,304,4.3
15,102,201,21,302,0.1
15,102,201,20-30,301,4.33
15,102,201,20-30,303,5.8
15,102,201,20-30,304,5.3
15,102,201,20-30,302,0.2
15,102,201,30-40,301,5.33
15,102,201,30-40,303,6.8
15,102,201,30-40,304,6.3
15,102,201,30-40,302,0.3
15,102,201,40-50,301,6.33
15,102,201,40-50,303,7.8
15,102,201,40-50,304,7.3
15,102,201,40-50,302,0.5
15,102,203,21,301,2.83
15,102,203,21,303,4.33
15,102,203,21,304,3.83
15,102,203,21,302,0.1
15,102,203,20-30,301,3.83
15,102,203,20-30,303,5.33
15,102,203,20-30,304,4.83
15,102,203,20-30,302,0.1
15,102,203,30-40,301,4.83
15,102,203,30-40,303,6.33
15,102,203,30-40,304,5.83
15,102,203,30-40,302,0.2
15,102,203,40-50,301,5.83
15,102,203,40-50,303,7.33
15,102,203,40-50,304,6.83
15,102,203,40-50,302,0.3
15,102,204,21,301,2.16
15,102,204,21,303,3.66
15,102,204,21,304,3.16
15,102,204,21,302,0.1
15,102,204,20-30,301,3.16
15,102,204,20-30,303,4.66
15,102,204,20-30,304,4.16
15,102,204,20-30,302,0.1
15,102,204,30-40,301,4.16
15,102,204,30-40,303,5.66
15,102,204,30-40,304,5.16
15,102,204,30-40,302,0.2
15,102,204,40-50,301,5.16
15,102,204,40-50,303,6.66
15,102,204,40-50,304,6.16
15,102,204,40-50,302,0.3
15,102,103,21,301,1.33
15,102,103,21,303,2.83
15,102,103,21,304,2.33
15,102,103,21,302,0.1
15,102,103,20-30,301,2.33
15,102,103,20-30,303,3.83
15,102,103,20-30,304,3.33
15,102,103,20-30,302,0.1
15,102,103,30-40,301,3.33
15,102,103,30-40,303,4.83
15,102,103,30-40,304,4.33
15,102,103,30-40,302,0.1
15,102,103,40-50,301,4.33
15,102,103,40-50,303,5.83
15,102,103,40-50,304,5.33
15,102,103,40-50,302,0.2
6,101,201,21,301,6.97
6,101,201,21,303,8.47
6,101,201,21,304,7.8
6,101,201,21,302,0.2
6,101,201,20-30,301,7.9
6,101,201,20-30,303,9.4
6,101,201,20-30,304,8.9
6,101,201,20-30,302,0.8
6,101,201,30-40,301,8.8
6,101,201,30-40,303,10.3
6,101,201,30-40,304,9.8
6,101,201,30-40,302,0.8
6,101,201,40-50,301,9.95
6,101,201,40-50,303,11.45
6,101,201,40-50,304,10.95
6,101,201,40-50,302,1.95
6,101,203,21,301,7.98
6,101,203,21,303,9.48
6,101,203,21,304,8.9
6,101,203,21,302,0.8
6,101,203,20-30,301,8.6
6,101,203,20-30,303,10.1
6,101,203,20-30,304,9.6
6,101,203,20-30,302,0.6
6,101,203,30-40,301,9.8
6,101,203,30-40,303,11.3
6,101,203,30-40,304,10.8
6,101,203,30-40,302,1.8
6,101,203,40-50,301,10.95
6,101,203,40-50,303,12.45
6,101,203,40-50,304,11.8
6,101,203,40-50,302,2.8
6,101,204,21,301,5.53
6,101,204,21,303,7.03
6,101,204,21,304,6.5
6,101,204,21,302,0.1
6,101,204,20-30,301,6.5
6,101,204,20-30,303,8
6,101,204,20-30,304,7.5
6,101,204,20-30,302,0.5
6,101,204,30-40,301,7.6
6,101,204,30-40,303,9
6,101,204,30-40,304,8.6
6,101,204,30-40,302,0.8
6,101,204,40-50,301,8.55
6,101,204,40-50,303,10.05
6,101,204,40-50,304,9.5
6,101,204,40-50,302,0.55
6,101,103,21,301,4.51
6,101,103,21,303,6.01
6,101,103,21,304,5.51
6,101,103,21,302,0.1
6,101,103,20-30,301,5.5
6,101,103,20-30,303,7
6,101,103,20-30,304,6.5
6,101,103,20-30,302,0.2
6,101,103,30-40,301,6.5
6,101,103,30-40,303,8
6,101,103,30-40,304,7.5
6,101,103,30-40,302,0.2
6,101,103,40-50,301,7.8
6,101,103,40-50,303,9.3
6,101,103,40-50,304,8.8
6,101,103,40-50,302,0.8
6,103,201,21,301,5.33
6,103,201,21,303,6.83
6,103,201,21,304,6.33
6,103,201,21,302,0.5
6,103,201,20-30,301,6.2
6,103,201,20-30,303,7.7
6,103,201,20-30,304,7.2
6,103,201,20-30,302,0.8
6,103,201,30-40,301,7.4
6,103,201,30-40,303,8.9
6,103,201,30-40,304,8.4
6,103,201,30-40,302,0.8
6,103,201,40-50,301,8.34
6,103,201,40-50,303,9.85
6,103,201,40-50,304,7.35
6,103,201,40-50,302,0.34
6,103,203,21,301,4.71
6,103,203,21,303,6.21
6,103,203,21,304,5.71
6,103,203,21,302,0.1
6,103,203,20-30,301,5.8
6,103,203,20-30,303,7.3
6,103,203,20-30,304,6.8
6,103,203,20-30,302,0.2
6,103,203,30-40,301,6.6
6,103,203,30-40,303,8.1
6,103,203,30-40,304,7.6
6,103,203,30-40,302,0.5
6,103,203,40-50,301,7.9
6,103,203,40-50,303,9.4
6,103,203,40-50,304,8.9
6,103,203,40-50,302,0.6
6,103,204,21,301,3.9
6,103,204,21,303,5.4
6,103,204,21,304,4.9
6,103,204,21,302,0.1
6,103,204,20-30,301,4.9
6,103,204,20-30,303,6.4
6,103,204,20-30,304,5.9
6,103,204,20-30,302,0.1
6,103,204,30-40,301,5.8
6,103,204,30-40,303,7.3
6,103,204,30-40,304,6.8
6,103,204,30-40,302,0.3
6,103,204,40-50,301,6.7
6,103,204,40-50,303,8.2
6,103,204,40-50,304,7.7
6,103,204,40-50,302,0.4
6,103,103,21,301,2.8
6,103,103,21,303,4.3
6,103,103,21,304,3.8
6,103,103,21,302,0.1
6,103,103,20-30,301,3.7
6,103,103,20-30,303,5.2
6,103,103,20-30,304,4.7
6,103,103,20-30,302,0.1
6,103,103,30-40,301,4.9
6,103,103,30-40,303,6.4
6,103,103,30-40,304,5.9
6,103,103,30-40,302,0.5
6,103,103,40-50,301,5.8
6,103,103,40-50,303,7.3
6,103,103,40-50,304,6.8
6,103,103,40-50,302,0.3
6,102,201,21,301,4.1
6,102,201,21,303,5.6
6,102,201,21,304,5.1
6,102,201,21,302,0.1
6,102,201,20-30,301,5.1
6,102,201,20-30,303,6.6
6,102,201,20-30,304,6.1
6,102,201,20-30,302,0.4
6,102,201,30-40,301,6.2
6,102,201,30-40,303,7.7
6,102,201,30-40,304,7.2
6,102,201,30-40,302,0.5
6,102,201,40-50,301,7.3
6,102,201,40-50,303,8.8
6,102,201,40-50,304,8.3
6,102,201,40-50,302,0.8
6,102,203,21,301,3.5
6,102,203,21,303,5
6,102,203,21,304,4.5
6,102,203,21,302,0.1
6,102,203,20-30,301,4.6
6,102,203,20-30,303,6.1
6,102,203,20-30,304,5.6
6,102,203,20-30,302,0.2
6,102,203,30-40,301,5.7
6,102,203,30-40,303,7.2
6,102,203,30-40,304,6.7
6,102,203,30-40,302,0.3
6,102,203,40-50,301,6.6
6,102,203,40-50,303,8.1
6,102,203,40-50,304,7.6
6,102,203,40-50,302,0.5
6,102,204,21,301,2.6
6,102,204,21,303,4.1
6,102,204,21,304,3.6
6,102,204,21,302,0.1
6,102,204,20-30,301,3.6
6,102,204,20-30,303,5.1
6,102,204,20-30,304,4.6
6,102,204,20-30,302,0.1
6,102,204,30-40,301,4.7
6,102,204,30-40,303,6.2
6,102,204,30-40,304,5.7
6,102,204,30-40,302,0.1
6,102,204,40-50,301,5.6
6,102,204,40-50,303,7.1
6,102,204,40-50,304,6.6
6,102,204,40-50,302,0.3
6,102,103,21,301,1.64
6,102,103,21,303,3.14
6,102,103,21,304,2.6
6,102,103,21,302,0.1
6,102,103,20-30,301,2.6
6,102,103,20-30,303,4.1
6,102,103,20-30,304,3.6
6,102,103,20-30,302,0.1
6,102,103,30-40,301,3.7
6,102,103,30-40,303,5.2
6,102,103,30-40,304,4.6
6,102,103,30-40,302,0.1
6,102,103,40-50,301,4.6
6,102,103,40-50,303,6.1
6,102,103,40-50,304,5.6
6,102,103,40-50,302,0.1
14,101,201,21,301,10.54
14,101,201,21,303,12
14,101,201,21,304,11.54
14,101,201,21,302,2.54
14,101,201,20-30,301,11.5
14,101,201,20-30,303,13
14,101,201,20-30,304,12.5
14,101,201,20-30,302,3.5
14,101,201,30-40,301,12.4
14,101,201,30-40,303,14
14,101,201,30-40,304,13.4
14,101,201,30-40,302,4.4
14,101,201,40-50,301,13.6
14,101,201,40-50,303,15
14,101,201,40-50,304,14.6
14,101,201,40-50,302,5.6
14,101,203,21,301,9.6
14,101,203,21,303,11
14,101,203,21,304,10.6
14,101,203,21,302,1.6
14,101,203,20-30,301,10.7
14,101,203,20-30,303,12.2
14,101,203,20-30,304,11.7
14,101,203,20-30,302,2.7
14,101,203,30-40,301,11.6
14,101,203,30-40,303,13.1
14,101,203,30-40,304,12.6
14,101,203,30-40,302,3.6
14,101,203,40-50,301,12.5
14,101,203,40-50,303,14
14,101,203,40-50,304,13.5
14,101,203,40-50,302,4.5
14,101,204,21,301,8.4
14,101,204,21,303,9.9
14,101,204,21,304,9.4
14,101,204,21,302,0.4
14,101,204,20-30,301,9.5
14,101,204,20-30,303,11
14,101,204,20-30,304,10.5
14,101,204,20-30,302,1.5
14,101,204,30-40,301,10.4
14,101,204,30-40,303,11.9
14,101,204,30-40,304,11.4
14,101,204,30-40,302,2.4
14,101,204,40-50,301,11.35
14,101,204,40-50,303,12.85
14,101,204,40-50,304,12.35
14,101,204,40-50,302,3.3
14,101,103,21,301,6.9
14,101,103,21,303,8.4
14,101,103,21,304,7.9
14,101,103,21,302,0.5
14,101,103,20-30,301,7.82
14,101,103,20-30,303,9.32
14,101,103,20-30,304,8.82
14,101,103,20-30,302,0.8
14,101,103,30-40,301,8.85
14,101,103,30-40,303,10.35
14,101,103,30-40,304,9.85
14,101,103,30-40,302,0.85
14,101,103,40-50,301,9.7
14,101,103,40-50,303,11.2
14,101,103,40-50,304,10.7
14,101,103,40-50,302,1.7
14,103,201,21,301,8.06
14,103,201,21,303,9.56
14,103,201,21,304,9
14,103,201,21,302,0.1
14,103,201,20-30,301,9.1
14,103,201,20-30,303,10.6
14,103,201,20-30,304,10.1
14,103,201,20-30,302,1.1
14,103,201,30-40,301,10.25
14,103,201,30-40,303,11.75
14,103,201,30-40,304,11.25
14,103,201,30-40,302,2.25
14,103,201,40-50,301,11.1
14,103,201,40-50,303,12.6
14,103,201,40-50,304,12.1
14,103,201,40-50,302,3.1
14,103,203,21,301,7.15
14,103,203,21,303,8.65
14,103,203,21,304,8.15
14,103,203,21,302,0.8
14,103,203,20-30,301,8.1
14,103,203,20-30,303,9.6
14,103,203,20-30,304,9.1
14,103,203,20-30,302,0.1
14,103,203,30-40,301,9.2
14,103,203,30-40,303,10.7
14,103,203,30-40,304,10.2
14,103,203,30-40,302,1.2
14,103,203,40-50,301,10.1
14,103,203,40-50,303,11.6
14,103,203,40-50,304,11.1
14,103,203,40-50,302,2.1
14,103,204,21,301,5.88
14,103,204,21,303,7.38
14,103,204,21,304,6.88
14,103,204,21,302,0.3
14,103,204,20-30,301,6.8
14,103,204,20-30,303,8.6
14,103,204,20-30,304,7.8
14,103,204,20-30,302,0.6
14,103,204,30-40,301,7.9
14,103,204,30-40,303,9.4
14,103,204,30-40,304,8.9
14,103,204,30-40,302,0.8
14,103,204,40-50,301,8.7
14,103,204,40-50,303,10.5
14,103,204,40-50,304,9.7
14,103,204,40-50,302,0.7
14,103,103,21,301,4.34
14,103,103,21,303,5.84
14,103,103,21,304,5.34
14,103,103,21,302,0.2
14,103,103,20-30,301,5.3
14,103,103,20-30,303,6.8
14,103,103,20-30,304,6.3
14,103,103,20-30,302,0.3
14,103,103,30-40,301,6.35
14,103,103,30-40,303,7.85
14,103,103,30-40,304,7.35
14,103,103,30-40,302,0.5
14,103,103,40-50,301,7.32
14,103,103,40-50,303,8.82
14,103,103,40-50,304,8.32
14,103,103,40-50,302,0.8
14,102,201,21,301,6.2
14,102,201,21,303,7.7
14,102,201,21,304,7.2
14,102,201,21,302,0.5
14,102,201,20-30,301,7.2
14,102,201,20-30,303,8.7
14,102,201,20-30,304,8.2
14,102,201,20-30,302,0.8
14,102,201,30-40,301,8.3
14,102,201,30-40,303,9.8
14,102,201,30-40,304,9.3
14,102,201,30-40,302,0.3
14,102,201,40-50,301,9.4
14,102,201,40-50,303,10.9
14,102,201,40-50,304,10.4
14,102,201,40-50,302,1.4
14,102,203,21,301,5.3
14,102,203,21,303,6.8
14,102,203,21,304,6.3
14,102,203,21,302,0.3
14,102,203,20-30,301,6.25
14,102,203,20-30,303,7.75
14,102,203,20-30,304,7.25
14,102,203,20-30,302,0.5
14,102,203,30-40,301,7.35
14,102,203,30-40,303,8.85
14,102,203,30-40,304,8.35
14,102,203,30-40,302,0.8
14,102,203,40-50,301,8.34
14,102,203,40-50,303,9.84
14,102,203,40-50,304,9.34
14,102,203,40-50,302,0.34
14,102,204,21,301,4
14,102,204,21,303,5.5
14,102,204,21,304,5
14,102,204,21,302,0.2
14,102,204,20-30,301,5.06
14,102,204,20-30,303,6.56
14,102,204,20-30,304,6.06
14,102,204,20-30,302,0.3
14,102,204,30-40,301,6.04
14,102,204,30-40,303,7.56
14,102,204,30-40,304,7.06
14,102,204,30-40,302,0.5
14,102,204,40-50,301,7.05
14,102,204,40-50,303,8.56
14,102,204,40-50,304,8.05
14,102,204,40-50,302,0.8
14,102,103,21,301,2.48
14,102,103,21,303,3.98
14,102,103,21,304,3.48
14,102,103,21,302,0.1
14,102,103,20-30,301,3.48
14,102,103,20-30,303,4.98
14,102,103,20-30,304,4.48
14,102,103,20-30,302,0.1
14,102,103,30-40,301,4.48
14,102,103,30-40,303,5.98
14,102,103,30-40,304,5.48
14,102,103,30-40,302,0.2
14,102,103,40-50,301,5.48
14,102,103,40-50,303,6.98
14,102,103,40-50,304,6.48
14,102,103,40-50,302,0.3
10,101,201,21,301,6.12
10,101,201,21,303,7.62
10,101,201,21,304,7.12
10,101,201,21,302,0.5
10,101,201,20-30,301,7.12
10,101,201,20-30,303,8.62
10,101,201,20-30,304,8.12
10,101,201,20-30,302,0.8
10,101,201,30-40,301,8.12
10,101,201,30-40,303,9.62
10,101,201,30-40,304,9.12
10,101,201,30-40,302,0.12
10,101,201,40-50,301,9.12
10,101,201,40-50,303,10.62
10,101,201,40-50,304,10.12
10,101,201,40-50,302,1.12
10,101,203,21,301,5.58
10,101,203,21,303,7.08
10,101,203,21,304,6.58
10,101,203,21,302,0.3
10,101,203,20-30,301,6.58
10,101,203,20-30,303,8.08
10,101,203,20-30,304,7.58
10,101,203,20-30,302,0.5
10,101,203,30-40,301,7.58
10,101,203,30-40,303,9.08
10,101,203,30-40,304,8.58
10,101,203,30-40,302,0.8
10,101,203,40-50,301,8.58
10,101,203,40-50,303,10.08
10,101,203,40-50,304,9.58
10,101,203,40-50,302,0.58
10,101,204,21,301,4.86
10,101,204,21,303,6.36
10,101,204,21,304,5.86
10,101,204,21,302,0.2
10,101,204,20-30,301,5.86
10,101,204,20-30,303,7.36
10,101,204,20-30,304,6.86
10,101,204,20-30,302,0.3
10,101,204,30-40,301,6.86
10,101,204,30-40,303,8.36
10,101,204,30-40,304,7.86
10,101,204,30-40,302,0.5
10,101,204,40-50,301,7.86
10,101,204,40-50,303,9.36
10,101,204,40-50,304,8.86
10,101,204,40-50,302,0.8
10,101,103,21,301,3.96
10,101,103,21,303,5.46
10,101,103,21,304,4.96
10,101,103,21,302,0.1
10,101,103,20-30,301,4.96
10,101,103,20-30,303,6.46
10,101,103,20-30,304,5.96
10,101,103,20-30,302,0.2
10,101,103,30-40,301,5.96
10,101,103,30-40,303,7.46
10,101,103,30-40,304,6.96
10,101,103,30-40,302,0.3
10,101,103,40-50,301,6.96
10,101,103,40-50,303,8.46
10,101,103,40-50,304,7.96
10,101,103,40-50,302,0.5
10,103,201,21,301,4.68
10,103,201,21,303,6.18
10,103,201,21,304,5.68
10,103,201,21,302,0.2
10,103,201,20-30,301,5.68
10,103,201,20-30,303,7.18
10,103,201,20-30,304,6.68
10,103,201,20-30,302,0.3
10,103,201,30-40,301,6.68
10,103,201,30-40,303,8.18
10,103,201,30-40,304,7.68
10,103,201,30-40,302,0.5
10,103,201,40-50,301,7.68
10,103,201,40-50,303,9.18
10,103,201,40-50,304,8.68
10,103,201,40-50,302,0.8
10,103,203,21,301,4.14
10,103,203,21,303,5.64
10,103,203,21,304,5.14
10,103,203,21,302,0.2
10,103,203,20-30,301,5.14
10,103,203,20-30,303,6.64
10,103,203,20-30,304,6.14
10,103,203,20-30,302,0.3
10,103,203,30-40,301,6.14
10,103,203,30-40,303,7.64
10,103,203,30-40,304,7.14
10,103,203,30-40,302,0.5
10,103,203,40-50,301,7.14
10,103,203,40-50,303,8.64
10,103,203,40-50,304,8.14
10,103,203,40-50,302,0.8
10,103,204,21,301,3.42
10,103,204,21,303,4.92
10,103,204,21,304,4.42
10,103,204,21,302,0.1
10,103,204,20-30,301,4.42
10,103,204,20-30,303,5.92
10,103,204,20-30,304,5.42
10,103,204,20-30,302,0.2
10,103,204,30-40,301,5.42
10,103,204,30-40,303,6.92
10,103,204,30-40,304,6.42
10,103,204,30-40,302,0.3
10,103,204,40-50,301,6.42
10,103,204,40-50,303,7.92
10,103,204,40-50,304,7.42
10,103,204,40-50,302,0.5
10,103,103,21,301,2.52
10,103,103,21,303,4.02
10,103,103,21,304,3.52
10,103,103,21,302,0.1
10,103,103,20-30,301,3.52
10,103,103,20-30,303,5.02
10,103,103,20-30,304,4.52
10,103,103,20-30,302,0.1
10,103,103,30-40,301,4.52
10,103,103,30-40,303,6.02
10,103,103,30-40,304,5.52
10,103,103,30-40,302,0.2
10,103,103,40-50,301,5.52
10,103,103,40-50,303,7.02
10,103,103,40-50,304,6.52
10,103,103,40-50,302,0.3
10,102,201,21,301,3.6
10,102,201,21,303,5.1
10,102,201,21,304,4.6
10,102,201,21,302,0.1
10,102,201,20-30,301,4.6
10,102,201,20-30,303,6.1
10,102,201,20-30,304,5.6
10,102,201,20-30,302,0.2
10,102,201,30-40,301,5.6
10,102,201,30-40,303,7.1
10,102,201,30-40,304,6.6
10,102,201,30-40,302,0.3
10,102,201,40-50,301,6.6
10,102,201,40-50,303,8.1
10,102,201,40-50,304,7.6
10,102,201,40-50,302,0.5
10,102,203,21,301,3.06
10,102,203,21,303,4.56
10,102,203,21,304,4.06
10,102,203,21,302,0.1
10,102,203,20-30,301,4.06
10,102,203,20-30,303,5.56
10,102,203,20-30,304,5.06
10,102,203,20-30,302,0.2
10,102,203,30-40,301,5.06
10,102,203,30-40,303,6.56
10,102,203,30-40,304,606
10,102,203,30-40,302,0.3
10,102,203,40-50,301,6.06
10,102,203,40-50,303,7.56
10,102,203,40-50,304,7.06
10,102,203,40-50,302,0.5
10,102,204,21,301,2.34
10,102,204,21,303,3.84
10,102,204,21,304,3.34
10,102,204,21,302,0.1
10,102,204,20-30,301,3.34
10,102,204,20-30,303,4.84
10,102,204,20-30,304,4.34
10,102,204,20-30,302,0.1
10,102,204,30-40,301,4.34
10,102,204,30-40,303,5.84
10,102,204,30-40,304,5.34
10,102,204,30-40,302,0.2
10,102,204,40-50,301,5.34
10,102,204,40-50,303,6.84
10,102,204,40-50,304,6.34
10,102,204,40-50,302,0.3
10,102,103,21,301,1.44
10,102,103,21,303,3
10,102,103,21,304,2.5
10,102,103,21,302,0.1
10,102,103,20-30,301,2.44
10,102,103,20-30,303,4
10,102,103,20-30,304,3.5
10,102,103,20-30,302,0.1
10,102,103,30-40,301,3.44
10,102,103,30-40,303,5
10,102,103,30-40,304,4.5
10,102,103,30-40,302,0.1
10,102,103,40-50,301,4.44
10,102,103,40-50,303,6
10,102,103,40-50,304,5.5
10,102,103,40-50,302,0.2
5,101,201,21,301,8.75
5,101,201,21,303,10.25
5,101,201,21,304,9.65
5,101,201,21,302,0.75
5,101,201,20-30,301,9.85
5,101,201,20-30,303,11.35
5,101,201,20-30,304,10.75
5,101,201,20-30,302,0.85
5,101,201,30-40,301,10.75
5,101,201,30-40,303,12.25
5,101,201,30-40,304,11.65
5,101,201,30-40,302,2.75
5,101,201,40-50,301,11.75
5,101,201,40-50,303,13.25
5,101,201,40-50,304,12.65
5,101,201,40-50,302,3.75
5,101,203,21,301,7.98
5,101,203,21,303,9.4
5,101,203,21,304,8.8
5,101,203,21,302,0.25
5,101,203,20-30,301,8.98
5,101,203,20-30,303,10.4
5,101,203,20-30,304,9.7
5,101,203,20-30,302,0.98
5,101,203,30-40,301,9.98
5,101,203,30-40,303,11.4
5,101,203,30-40,304,10.8
5,101,203,30-40,302,1.98
5,101,203,40-50,301,10.9
5,101,203,40-50,303,12.4
5,101,203,40-50,304,11.8
5,101,203,40-50,302,2.7
5,101,204,21,301,6.95
5,101,204,21,303,8.45
5,101,204,21,304,7.8
5,101,204,21,302,0.1
5,101,204,20-30,301,7.95
5,101,204,20-30,303,9.45
5,101,204,20-30,304,8.8
5,101,204,20-30,302,0.5
5,101,204,30-40,301,8.95
5,101,204,30-40,303,10.45
5,101,204,30-40,304,9.9
5,101,204,30-40,302,0.95
5,101,204,40-50,301,9.9
5,101,204,40-50,303,11.4
5,101,204,40-50,304,10.9
5,101,204,40-50,302,1.9
5,101,103,21,301,5.65
5,101,103,21,303,7.15
5,101,103,21,304,6.6
5,101,103,21,302,0.1
5,101,103,20-30,301,6.6
5,101,103,20-30,303,8.1
5,101,103,20-30,304,7.6
5,101,103,20-30,302,0.3
5,101,103,30-40,301,7.68
5,101,103,30-40,303,8.18
5,101,103,30-40,304,8.6
5,101,103,30-40,302,0.8
5,101,103,40-50,301,8.65
5,101,103,40-50,303,10.15
5,101,103,40-50,304,9.65
5,101,103,40-50,302,0.65
5,103,201,21,301,6.7
5,103,201,21,303,8.2
5,103,201,21,304,7.7
5,103,201,21,302,0.6
5,103,201,20-30,301,7.7
5,103,201,20-30,303,9.2
5,103,201,20-30,304,8.7
5,103,201,20-30,302,0.8
5,103,201,30-40,301,8.7
5,103,201,30-40,303,10.2
5,103,201,30-40,304,9.6
5,103,201,30-40,302,0.7
5,103,201,40-50,301,9.5
5,103,201,40-50,303,11
5,103,201,40-50,304,10.5
5,103,201,40-50,302,1.5
5,103,203,21,301,5.92
5,103,203,21,303,7.42
5,103,203,21,304,6.9
5,103,203,21,302,0.1
5,103,203,20-30,301,6.92
5,103,203,20-30,303,8.42
5,103,203,20-30,304,7.9
5,103,203,20-30,302,0.5
5,103,203,30-40,301,7.92
5,103,203,30-40,303,9.42
5,103,203,30-40,304,8.9
5,103,203,30-40,302,0.8
5,103,203,40-50,301,8.92
5,103,203,40-50,303,10.42
5,103,203,40-50,304,9.9
5,103,203,40-50,302,0.92
5,103,204,21,301,4.89
5,103,204,21,303,6.39
5,103,204,21,304,5.8
5,103,204,21,302,0.1
5,103,204,20-30,301,5.6
5,103,204,20-30,303,7.1
5,103,204,20-30,304,6.6
5,103,204,20-30,302,0.2
5,103,204,30-40,301,6.5
5,103,204,30-40,303,8.1
5,103,204,30-40,304,7.5
5,103,204,30-40,302,0.5
5,103,204,40-50,301,7.5
5,103,204,40-50,303,9
5,103,204,40-50,304,8.5
5,103,204,40-50,302,0.8
5,103,103,21,301,3.65
5,103,103,21,303,5.15
5,103,103,21,304,4.65
5,103,103,21,302,0.1
5,103,103,20-30,301,4.65
5,103,103,20-30,303,6.15
5,103,103,20-30,304,5.65
5,103,103,20-30,302,0.2
5,103,103,30-40,301,5
5,103,103,30-40,303,6.5
5,103,103,30-40,304,6
5,103,103,30-40,302,0.3
5,103,103,40-50,301,5.15
5,103,103,40-50,303,6.65
5,103,103,40-50,304,6.2
5,103,103,40-50,302,0.2
5,102,201,21,301,5.15
5,102,201,21,303,6.65
5,102,201,21,304,6.15
5,102,201,21,302,0.2
5,102,201,20-30,301,6.15
5,102,201,20-30,303,7.65
5,102,201,20-30,304,7.15
5,102,201,20-30,302,0.3
5,102,201,30-40,301,7.15
5,102,201,30-40,303,8.65
5,102,201,30-40,304,8.1
5,102,201,30-40,302,0.8
5,102,201,40-50,301,8.15
5,102,201,40-50,303,9.65
5,102,201,40-50,304,9.15
5,102,201,40-50,302,0.15
5,102,203,21,301,4.37
5,102,203,21,303,5.87
5,102,203,21,304,5.3
5,102,203,21,302,0.1
5,102,203,20-30,301,5.3
5,102,203,20-30,303,6.8
5,102,203,20-30,304,6.3
5,102,203,20-30,302,0.2
5,102,203,30-40,301,6.3
5,102,203,30-40,303,7.8
5,102,203,30-40,304,7.3
5,102,203,30-40,302,0.3
5,102,203,40-50,301,7.2
5,102,203,40-50,303,8.7
5,102,203,40-50,304,8.2
5,102,203,40-50,302,0.8
5,102,204,21,301,3.35
5,102,204,21,303,4.85
5,102,204,21,304,4.4
5,102,204,21,302,0.1
5,102,204,20-30,301,4.4
5,102,204,20-30,303,5.9
5,102,204,20-30,304,5.4
5,102,204,20-30,302,0.1
5,102,204,30-40,301,5.54
5,102,204,30-40,303,7.04
5,102,204,30-40,304,6.5
5,102,204,30-40,302,0.2
5,102,204,40-50,301,6.52
5,102,204,40-50,303,8.02
5,102,204,40-50,304,7.5
5,102,204,40-50,302,0.3
5,102,103,21,301,2.06
5,102,103,21,303,3.56
5,102,103,21,304,3
5,102,103,21,302,0.1
5,102,103,20-30,301,3
5,102,103,20-30,303,4.5
5,102,103,20-30,304,4
5,102,103,20-30,302,0.1
5,102,103,30-40,301,4.1
5,102,103,30-40,303,5.6
5,102,103,30-40,304,5.1
5,102,103,30-40,302,0.1
5,102,103,40-50,301,5.15
5,102,103,40-50,303,6.65
5,102,103,40-50,304,6.15
5,102,103,40-50,302,0.2
8,101,201,21,301,10.54
8,101,201,21,303,12
8,101,201,21,304,11.54
8,101,201,21,302,2.54
8,101,201,20-30,301,11.5
8,101,201,20-30,303,13
8,101,201,20-30,304,12.5
8,101,201,20-30,302,3.5
8,101,201,30-40,301,12.4
8,101,201,30-40,303,14
8,101,201,30-40,304,13.4
8,101,201,30-40,302,4.4
8,101,201,40-50,301,13.6
8,101,201,40-50,303,15
8,101,201,40-50,304,14.6
8,101,201,40-50,302,5.6
8,101,203,21,301,9.6
8,101,203,21,303,11
8,101,203,21,304,10.6
8,101,203,21,302,1.6
8,101,203,20-30,301,10.7
8,101,203,20-30,303,12.2
8,101,203,20-30,304,11.7
8,101,203,20-30,302,2.7
8,101,203,30-40,301,11.6
8,101,203,30-40,303,13.1
8,101,203,30-40,304,12.6
8,101,203,30-40,302,3.6
8,101,203,40-50,301,12.5
8,101,203,40-50,303,14
8,101,203,40-50,304,13.5
8,101,203,40-50,302,4.5
8,101,204,21,301,8.4
8,101,204,21,303,9.9
8,101,204,21,304,9.4
8,101,204,21,302,0.4
8,101,204,20-30,301,9.5
8,101,204,20-30,303,11
8,101,204,20-30,304,10.5
8,101,204,20-30,302,1.5
8,101,204,30-40,301,10.4
8,101,204,30-40,303,11.9
8,101,204,30-40,304,11.4
8,101,204,30-40,302,2.4
8,101,204,40-50,301,11.35
8,101,204,40-50,303,12.85
8,101,204,40-50,304,12.35
8,101,204,40-50,302,3.3
8,101,103,21,301,6.9
8,101,103,21,303,8.4
8,101,103,21,304,7.9
8,101,103,21,302,0.5
8,101,103,20-30,301,7.82
8,101,103,20-30,303,9.32
8,101,103,20-30,304,8.82
8,101,103,20-30,302,0.8
8,101,103,30-40,301,8.85
8,101,103,30-40,303,10.35
8,101,103,30-40,304,9.85
8,101,103,30-40,302,0.85
8,101,103,40-50,301,9.7
8,101,103,40-50,303,11.2
8,101,103,40-50,304,10.7
8,101,103,40-50,302,1.7
8,103,201,21,301,8.06
8,103,201,21,303,9.56
8,103,201,21,304,9
8,103,201,21,302,0.1
8,103,201,20-30,301,9.1
8,103,201,20-30,303,10.6
8,103,201,20-30,304,10.1
8,103,201,20-30,302,1.1
8,103,201,30-40,301,10.25
8,103,201,30-40,303,11.75
8,103,201,30-40,304,11.25
8,103,201,30-40,302,2.25
8,103,201,40-50,301,11.1
8,103,201,40-50,303,12.6
8,103,201,40-50,304,12.1
8,103,201,40-50,302,3.1
8,103,203,21,301,7.15
8,103,203,21,303,8.65
8,103,203,21,304,8.15
8,103,203,21,302,0.8
8,103,203,20-30,301,8.1
8,103,203,20-30,303,9.6
8,103,203,20-30,304,9.1
8,103,203,20-30,302,0.1
8,103,203,30-40,301,9.2
8,103,203,30-40,303,10.7
8,103,203,30-40,304,10.2
8,103,203,30-40,302,1.2
8,103,203,40-50,301,10.1
8,103,203,40-50,303,11.6
8,103,203,40-50,304,11.1
8,103,203,40-50,302,2.1
8,103,204,21,301,5.88
8,103,204,21,303,7.38
8,103,204,21,304,6.88
8,103,204,21,302,0.3
8,103,204,20-30,301,6.8
8,103,204,20-30,303,8.6
8,103,204,20-30,304,7.8
8,103,204,20-30,302,0.6
8,103,204,30-40,301,7.9
8,103,204,30-40,303,9.4
8,103,204,30-40,304,8.9
8,103,204,30-40,302,0.8
8,103,204,40-50,301,8.7
8,103,204,40-50,303,10.5
8,103,204,40-50,304,9.7
8,103,204,40-50,302,0.7
8,103,103,21,301,4.34
8,103,103,21,303,5.84
8,103,103,21,304,5.34
8,103,103,21,302,0.2
8,103,103,20-30,301,5.3
8,103,103,20-30,303,6.8
8,103,103,20-30,304,6.3
8,103,103,20-30,302,0.3
8,103,103,30-40,301,6.35
8,103,103,30-40,303,7.85
8,103,103,30-40,304,7.35
8,103,103,30-40,302,0.5
8,103,103,40-50,301,7.32
8,103,103,40-50,303,8.82
8,103,103,40-50,304,8.32
8,103,103,40-50,302,0.8
8,102,201,21,301,6.2
8,102,201,21,303,7.7
8,102,201,21,304,7.2
8,102,201,21,302,0.5
8,102,201,20-30,301,7.2
8,102,201,20-30,303,8.7
8,102,201,20-30,304,8.2
8,102,201,20-30,302,0.8
8,102,201,30-40,301,8.3
8,102,201,30-40,303,9.8
8,102,201,30-40,304,9.3
8,102,201,30-40,302,0.3
8,102,201,40-50,301,9.4
8,102,201,40-50,303,10.9
8,102,201,40-50,304,10.4
8,102,201,40-50,302,1.4
8,102,203,21,301,5.3
8,102,203,21,303,6.8
8,102,203,21,304,6.3
8,102,203,21,302,0.3
8,102,203,20-30,301,6.25
8,102,203,20-30,303,7.75
8,102,203,20-30,304,7.25
8,102,203,20-30,302,0.5
8,102,203,30-40,301,7.35
8,102,203,30-40,303,8.85
8,102,203,30-40,304,8.35
8,102,203,30-40,302,0.8
8,102,203,40-50,301,8.34
8,102,203,40-50,303,9.84
8,102,203,40-50,304,9.34
8,102,203,40-50,302,0.34
8,102,204,21,301,4
8,102,204,21,303,5.5
8,102,204,21,304,5
8,102,204,21,302,0.2
8,102,204,20-30,301,5.06
8,102,204,20-30,303,6.56
8,102,204,20-30,304,6.06
8,102,204,20-30,302,0.3
8,102,204,30-40,301,6.04
8,102,204,30-40,303,7.56
8,102,204,30-40,304,7.06
8,102,204,30-40,302,0.5
8,102,204,40-50,301,7.05
8,102,204,40-50,303,8.56
8,102,204,40-50,304,8.05
8,102,204,40-50,302,0.8
8,102,103,21,301,2.48
8,102,103,21,303,3.98
8,102,103,21,304,3.48
8,102,103,21,302,0.1
8,102,103,20-30,301,3.48
8,102,103,20-30,303,4.98
8,102,103,20-30,304,4.48
8,102,103,20-30,302,0.1
8,102,103,30-40,301,4.48
8,102,103,30-40,303,5.98
8,102,103,30-40,304,5.48
8,102,103,30-40,302,0.2
8,102,103,40-50,301,5.48
8,102,103,40-50,303,6.98
8,102,103,40-50,304,6.48
8,102,103,40-50,302,0.3
4,101,201,21,301,6.12
4,101,201,21,303,7.62
4,101,201,21,304,7.12
4,101,201,21,302,0.5
4,101,201,20-30,301,7.12
4,101,201,20-30,303,8.62
4,101,201,20-30,304,8.12
4,101,201,20-30,302,0.8
4,101,201,30-40,301,8.12
4,101,201,30-40,303,9.62
4,101,201,30-40,304,9.12
4,101,201,30-40,302,0.12
4,101,201,40-50,301,9.12
4,101,201,40-50,303,10.62
4,101,201,40-50,304,10.12
4,101,201,40-50,302,1.12
4,101,203,21,301,5.58
4,101,203,21,303,7.08
4,101,203,21,304,6.58
4,101,203,21,302,0.3
4,101,203,20-30,301,6.58
4,101,203,20-30,303,8.08
4,101,203,20-30,304,7.58
4,101,203,20-30,302,0.5
4,101,203,30-40,301,7.58
4,101,203,30-40,303,9.08
4,101,203,30-40,304,8.58
4,101,203,30-40,302,0.8
4,101,203,40-50,301,8.58
4,101,203,40-50,303,10.08
4,101,203,40-50,304,9.58
4,101,203,40-50,302,0.58
4,101,204,21,301,4.86
4,101,204,21,303,6.36
4,101,204,21,304,5.86
4,101,204,21,302,0.2
4,101,204,20-30,301,5.86
4,101,204,20-30,303,7.36
4,101,204,20-30,304,6.86
4,101,204,20-30,302,0.3
4,101,204,30-40,301,6.86
4,101,204,30-40,303,8.36
4,101,204,30-40,304,7.86
4,101,204,30-40,302,0.5
4,101,204,40-50,301,7.86
4,101,204,40-50,303,9.36
4,101,204,40-50,304,8.86
4,101,204,40-50,302,0.8
4,101,103,21,301,3.96
4,101,103,21,303,5.46
4,101,103,21,304,4.96
4,101,103,21,302,0.1
4,101,103,20-30,301,4.96
4,101,103,20-30,303,6.46
4,101,103,20-30,304,5.96
4,101,103,20-30,302,0.2
4,101,103,30-40,301,5.96
4,101,103,30-40,303,7.46
4,101,103,30-40,304,6.96
4,101,103,30-40,302,0.3
4,101,103,40-50,301,6.96
4,101,103,40-50,303,8.46
4,101,103,40-50,304,7.96
4,101,103,40-50,302,0.5
4,103,201,21,301,4.68
4,103,201,21,303,6.18
4,103,201,21,304,5.68
4,103,201,21,302,0.2
4,103,201,20-30,301,5.68
4,103,201,20-30,303,7.18
4,103,201,20-30,304,6.68
4,103,201,20-30,302,0.3
4,103,201,30-40,301,6.68
4,103,201,30-40,303,8.18
4,103,201,30-40,304,7.68
4,103,201,30-40,302,0.5
4,103,201,40-50,301,7.68
4,103,201,40-50,303,9.18
4,103,201,40-50,304,8.68
4,103,201,40-50,302,0.8
4,103,203,21,301,4.14
4,103,203,21,303,5.64
4,103,203,21,304,5.14
4,103,203,21,302,0.2
4,103,203,20-30,301,5.14
4,103,203,20-30,303,6.64
4,103,203,20-30,304,6.14
4,103,203,20-30,302,0.3
4,103,203,30-40,301,6.14
4,103,203,30-40,303,7.64
4,103,203,30-40,304,7.14
4,103,203,30-40,302,0.5
4,103,203,40-50,301,7.14
4,103,203,40-50,303,8.64
4,103,203,40-50,304,8.14
4,103,203,40-50,302,0.8
4,103,204,21,301,3.42
4,103,204,21,303,4.92
4,103,204,21,304,4.42
4,103,204,21,302,0.1
4,103,204,20-30,301,4.42
4,103,204,20-30,303,5.92
4,103,204,20-30,304,5.42
4,103,204,20-30,302,0.2
4,103,204,30-40,301,5.42
4,103,204,30-40,303,6.92
4,103,204,30-40,304,6.42
4,103,204,30-40,302,0.3
4,103,204,40-50,301,6.42
4,103,204,40-50,303,7.92
4,103,204,40-50,304,7.42
4,103,204,40-50,302,0.5
4,103,103,21,301,2.52
4,103,103,21,303,4.02
4,103,103,21,304,3.52
4,103,103,21,302,0.1
4,103,103,20-30,301,3.52
4,103,103,20-30,303,5.02
4,103,103,20-30,304,4.52
4,103,103,20-30,302,0.1
4,103,103,30-40,301,4.52
4,103,103,30-40,303,6.02
4,103,103,30-40,304,5.52
4,103,103,30-40,302,0.2
4,103,103,40-50,301,5.52
4,103,103,40-50,303,7.02
4,103,103,40-50,304,6.52
4,103,103,40-50,302,0.3
4,102,201,21,301,3.6
4,102,201,21,303,5.1
4,102,201,21,304,4.6
4,102,201,21,302,0.1
4,102,201,20-30,301,4.6
4,102,201,20-30,303,6.1
4,102,201,20-30,304,5.6
4,102,201,20-30,302,0.2
4,102,201,30-40,301,5.6
4,102,201,30-40,303,7.1
4,102,201,30-40,304,6.6
4,102,201,30-40,302,0.3
4,102,201,40-50,301,6.6
4,102,201,40-50,303,8.1
4,102,201,40-50,304,7.6
4,102,201,40-50,302,0.5
4,102,203,21,301,3.06
4,102,203,21,303,4.56
4,102,203,21,304,4.06
4,102,203,21,302,0.1
4,102,203,20-30,301,4.06
4,102,203,20-30,303,5.56
4,102,203,20-30,304,5.06
4,102,203,20-30,302,0.2
4,102,203,30-40,301,5.06
4,102,203,30-40,303,6.56
4,102,203,30-40,304,606
4,102,203,30-40,302,0.3
4,102,203,40-50,301,6.06
4,102,203,40-50,303,7.56
4,102,203,40-50,304,7.06
4,102,203,40-50,302,0.5
4,102,204,21,301,2.34
4,102,204,21,303,3.84
4,102,204,21,304,3.34
4,102,204,21,302,0.1
4,102,204,20-30,301,3.34
4,102,204,20-30,303,4.84
4,102,204,20-30,304,4.34
4,102,204,20-30,302,0.1
4,102,204,30-40,301,4.34
4,102,204,30-40,303,5.84
4,102,204,30-40,304,5.34
4,102,204,30-40,302,0.2
4,102,204,40-50,301,5.34
4,102,204,40-50,303,6.84
4,102,204,40-50,304,6.34
4,102,204,40-50,302,0.3
4,102,103,21,301,1.44
4,102,103,21,303,3
4,102,103,21,304,2.5
4,102,103,21,302,0.1
4,102,103,20-30,301,2.44
4,102,103,20-30,303,4
4,102,103,20-30,304,3.5
4,102,103,20-30,302,0.1
4,102,103,30-40,301,3.44
4,102,103,30-40,303,5
4,102,103,30-40,304,4.5
4,102,103,30-40,302,0.1
4,102,103,40-50,301,4.44
4,102,103,40-50,303,6
4,102,103,40-50,304,5.5
4,102,103,40-50,302,0.2
9,101,201,21,301,4.25
9,101,201,21,303,5.75
9,101,201,21,304,5.25
9,101,201,21,302,0.2
9,101,201,20-30,301,5.25
9,101,201,20-30,303,6.75
9,101,201,20-30,304,6.25
9,101,201,20-30,302,0.3
9,101,201,30-40,301,6.25
9,101,201,30-40,303,7.75
9,101,201,30-40,304,7.25
9,101,201,30-40,302,0.5
9,101,201,40-50,301,7.25
9,101,201,40-50,303,8.75
9,101,201,40-50,304,8.25
9,101,201,40-50,302,0.8
9,101,203,21,301,4.13
9,101,203,21,303,5.63
9,101,203,21,304,5.13
9,101,203,21,302,0.2
9,101,203,20-30,301,5.13
9,101,203,20-30,303,6.63
9,101,203,20-30,304,6.13
9,101,203,20-30,302,0.3
9,101,203,30-40,301,6.13
9,101,203,30-40,303,7.63
9,101,203,30-40,304,7.13
9,101,203,30-40,302,0.5
9,101,203,40-50,301,7.13
9,101,203,40-50,303,8.63
9,101,203,40-50,304,8.13
9,101,203,40-50,302,0.8
9,101,204,21,301,3.38
9,101,204,21,303,4.88
9,101,204,21,304,4.38
9,101,204,21,302,0.1
9,101,204,20-30,301,4.38
9,101,204,20-30,303,5.88
9,101,204,20-30,304,5.38
9,101,204,20-30,302,0.2
9,101,204,30-40,301,5.38
9,101,204,30-40,303,6.88
9,101,204,30-40,304,6.38
9,101,204,30-40,302,0.3
9,101,204,40-50,301,6.38
9,101,204,40-50,303,7.88
9,101,204,40-50,304,7.38
9,101,204,40-50,302,0.5
9,101,103,21,301,2.75
9,101,103,21,303,4.25
9,101,103,21,301,3.75
9,101,103,21,303,0.1
9,101,103,20-30,304,3.75
9,101,103,20-30,302,5.25
9,101,103,20-30,301,4.75
9,101,103,20-30,303,0.1
9,101,103,30-40,304,4.75
9,101,103,30-40,302,6.25
9,101,103,30-40,301,5.75
9,101,103,30-40,303,0.2
9,101,103,40-50,304,5.75
9,101,103,40-50,302,7.25
9,101,103,40-50,301,6.75
9,101,103,40-50,301,0.3
9,103,201,21,303,3.25
9,103,201,21,304,4.75
9,103,201,21,302,4.25
9,103,201,21,301,0.1
9,103,201,20-30,303,4.25
9,103,201,20-30,304,5.75
9,103,201,20-30,302,5.25
9,103,201,20-30,301,0.2
9,103,201,30-40,303,5.25
9,103,201,30-40,304,6.75
9,103,201,30-40,302,6.25
9,103,201,30-40,301,0.3
9,103,201,40-50,303,6.25
9,103,201,40-50,304,7.75
9,103,201,40-50,302,7.25
9,103,201,40-50,301,0.5
9,103,203,21,303,2.88
9,103,203,21,304,4.38
9,103,203,21,302,3.88
9,103,203,21,301,0.1
9,103,203,20-30,303,3.88
9,103,203,20-30,304,5.38
9,103,203,20-30,302,4.88
9,103,203,20-30,301,0.1
9,103,203,30-40,303,4.88
9,103,203,30-40,301,6.38
9,103,203,30-40,303,5.88
9,103,203,30-40,304,0.2
9,103,203,40-50,302,5.88
9,103,203,40-50,301,7.38
9,103,203,40-50,303,6.88
9,103,203,40-50,304,0.3
9,103,204,21,302,2.38
9,103,204,21,301,3.88
9,103,204,21,303,3.38
9,103,204,21,304,0.1
9,103,204,20-30,302,3.38
9,103,204,20-30,301,4.88
9,103,204,20-30,301,4.38
9,103,204,20-30,303,0.1
9,103,204,30-40,304,4.38
9,103,204,30-40,302,5.88
9,103,204,30-40,301,5.38
9,103,204,30-40,303,0.2
9,103,204,40-50,304,5.58
9,103,204,40-50,302,6.88
9,103,204,40-50,301,6.58
9,103,204,40-50,303,0.3
9,103,103,21,304,1.75
9,103,103,21,302,3.25
9,103,103,21,301,2.75
9,103,103,21,303,0.1
9,103,103,20-30,304,2.75
9,103,103,20-30,302,4.25
9,103,103,20-30,301,3.75
9,103,103,20-30,303,0.1
9,103,103,30-40,304,3.75
9,103,103,30-40,302,5.25
9,103,103,30-40,301,4.75
9,103,103,30-40,303,0.1
9,103,103,40-50,304,4.75
9,103,103,40-50,302,6.25
9,103,103,40-50,301,5.75
9,103,103,40-50,303,0.2
9,102,201,21,301,2.5
9,102,201,21,303,4
9,102,201,21,304,3.5
9,102,201,21,302,0.1
9,102,201,20-30,301,3.5
9,102,201,20-30,303,5
9,102,201,20-30,304,4.5
9,102,201,20-30,302,0.1
9,102,201,30-40,301,4.5
9,102,201,30-40,303,6
9,102,201,30-40,304,5.5
9,102,201,30-40,302,0.2
9,102,201,40-50,301,5.5
9,102,201,40-50,301,7
9,102,201,40-50,303,6.5
9,102,201,40-50,304,0.3
9,102,203,21,302,2.13
9,102,203,21,301,3.63
9,102,203,21,303,3.13
9,102,203,21,304,0.1
9,102,203,20-30,302,3.13
9,102,203,20-30,301,4.63
9,102,203,20-30,303,4.13
9,102,203,20-30,304,0.1
9,102,203,30-40,302,4.13
9,102,203,30-40,301,5.63
9,102,203,30-40,303,5.13
9,102,203,30-40,304,0.2
9,102,203,40-50,302,5.13
9,102,203,40-50,301,6.63
9,102,203,40-50,303,6.13
9,102,203,40-50,304,0.3
9,102,204,21,302,1.63
9,102,204,21,301,3.13
9,102,204,21,303,2.63
9,102,204,21,304,0.1
9,102,204,20-30,302,2.63
9,102,204,20-30,301,4.13
9,102,204,20-30,303,3.63
9,102,204,20-30,301,0.1
9,102,204,30-40,303,3.63
9,102,204,30-40,304,5.13
9,102,204,30-40,302,4.63
9,102,204,30-40,301,0.1
9,102,204,40-50,303,4.63
9,102,204,40-50,304,6.13
9,102,204,40-50,302,5.63
9,102,204,40-50,301,0.2
9,102,103,21,303,1.63
9,102,103,21,304,3.13
9,102,103,21,302,2.63
9,102,103,21,301,0.1
9,102,103,20-30,301,2.63
9,102,103,20-30,303,4.13
9,102,103,20-30,304,3.63
9,102,103,20-30,302,0.1
9,102,103,30-40,301,3.63
9,102,103,30-40,303,5.13
9,102,103,30-40,304,4.63
9,102,103,30-40,302,0.1
9,102,103,40-50,301,4.63
9,102,103,40-50,303,6.13
9,102,103,40-50,304,5.63
9,102,103,40-50,302,0.2
